Species,Spcode 
Achillea_millefolium,2
Allium_textile,3
Amaranthus_sp. ,4
Ambrosia_psilostachya,5
Amorpha_canescens,6
Andropogon_gerardii,7
Andropogon_ternarius,9
Androsace_occidentalis,10
Antennaria_neglecta,11
Antennaria_rosea,12
Baptisia_bracteata,13
Aristida_purpurea,14
Artemesia_ludoviciana,15
Artemesia_frigida,16
Artemesia_dracunculus,17
Asclepias_seedling,18
Asclepias_stenophylla,19
Asclepias_sullivantii,20
Asclepias_verticillata,22
Asclepias_viridiflora,23
Asclepias_viridis,24
Asclepias_asperula,25
Asclepias_sp.,26
Asclepias_tuberosa,27
Aster_ericoides,28
Aster_oblongifolius,29
Astragalus_drummondii,31
Astragalus_fluxuosus,32
Astragalus_gracilis,33
Astragalus_laxmanii,34
Astragalus_lotiflorus,35
Astragalus_mollissimus,36
Astragalus_shortianus,37
Oenothera_sp.,38
Astragulus_crassicarpus,40
Astragalus_missouriensis,41
blob_unknown,43
Bouteloua_curtipendula,44
Bouteloua_dactyloides,45
Bouteloua_gracilis,46
Bouteloua_hirsuta,47
Bromus_japonicus,48
Bromus_tectorum,49
Carex_brevior,50
Carex_heliophyla,51
Calylophus_serrulatus,52
Carex_meadii,53
Carduus_nutans,54
Carex_eleocharis,55
Carex_filifolia,56
Carex_gravida,57
Castilleja_purpurea,58
Psoralea_tenuiflora,60
Chenopodium_sp.,61
Chloris_sp.,66
Circium_ochochrocentrum,67
Cirsium_undulatum,68
Cirsium_altissimum,69
Cirsium_sp.,70
Collomia_linearis,72
Comandra_umbellatum,73
Conyza_canadensis,74
Cryptantha_minima,77
Cyperus_lupulinus,78
Cymopterus_glomeratus,79
Cymopterus_montanus,81
Cyperus_acuminatus,82
Dalea_candida,84
Dalea_purpurea,86
Delphinium_geyeri,87
Dicanthelium_acuminatum,88
Dicanthelium_oligosanthes,89
Dieteria_canescens,90
Draba_reptans,91
Draba_sp.,92
Echinocereus_Escobaria,93
Eleocharis_sp.,94
Elymus_elymoides,95
Eragrostis_spectabilis,96
Ericameria_nauseosa,97
Eriogonum_alatum,98
Erigeron_pumilus,99
Erigeron_strigosus,100
Eriogonum_effusum,103
Eryisimum_asperum,107
unk_Artemisia_ludoviciana,108
Euphorbia_marginata,110
Euphorbia_sp.,112
Euphorbiadavidii,114
unk_forb_soft_velvet,118
unk_astragalus_oxytropis,119
Grindelia_squarrosa,122
Gutierrezia_sarothrae,124
Happlopappus_filiosus,125
Hedeoma_hispida,126
Helianthus_annuus,127
Helianthus_pumilus,128
Hesperostipa_comata,130
Heterotheca_villosa,131
Hordeum_pusilum,132
Ipomopsis_laxiflora,134
Juncus_interior,135
Koeleria_macrantha,137
Kuhnia_eupatoroides,141
Lactuca_serriola,142
Lappula_redowskii,143
Lespedeza_capitata,144
Lepidium_densiflorum,145
Lesquerella_montana,147
Leucocrinum_montanum,149
Liatris_punctata,151
Linaria_dalmatica,152
Linum_rigidum,153
Linum_sulcatum,154
Lithospermum_incisum,155
Lygodesmia_juncea,159
Machaeranthera_pinnatifida,161
Machaeranthera_tanacetifolia,163
Medicago_lupulina,164
Melilotus_sp.,166
Mertensia_lanceolata,168
Mirabilis_linearis,170
Monarda_fistulosa,171
Muhlenbergia_torreyi,172
Musineon_divaricatum,173
Nassella_viridula,175
Oenothera_suffrutescens,177
Oenothera_albicaulis,179
Oenothera_biennis,180
Oenothera_coronopifolia,181
Oenothera_speciosa,183
unk_opposite_leaf,184
Opuntia_polycantha,185
Orobanche_sp.,186
Oxalis_stricta,187
Oxalis_violacea,188
Oxytropis_sericea,190
Oxytropis_lambertii,191
Panicum_virgatum,194
unk_Eriogonum_Hays,196
Pascopyrum_smithii,197
Penstemon_albidus,198
Penstemon_angustifolius,199
Phlox_hoodii,200
Physalis_pumila,201
Plantago_patagonica,202
Plantago_rhodosperma,203
Poa_pratensis,204
Polygala_verticillata,205
Potentilla_pensylvanica,209
Psoralea_cuspidata,211
Psoralea_esculenta,212
Rhus_trilobata,214
Ratibida_columnifera,213
Ruellia_humilis,216
Salsola_tragus,218
Salvia_azurea,219
Schedonnardus_paniculatus,220
Schizachyrium_scoparium,221
Schrankia_nutallii,222
Scorzonera_laciniata,223
Senecio_plattensis,225
Sisynchrium_campestre,227
Silene_antirrhina,229
Sisymbrium_altissimum,230
Solanum_rostratum,231
Solidago_canadensis,232
Solidago_missouriensis,233
Sorghastrum_nutans,234
Sporobolus_asper,235
Sphaeralcea_coccinea,236
Sporobolus_cryptandrus,237
Stephanomeria_runcinata,239
unk_Stipa_veridas,240
Talinum_parviflorum,242
Taraxacum_officinale,244
Teucrium_canadense,245
Theleperma_filifolium,246
Townsendia_grandiflora,249
Tradescantia_occidentalis,250
Tragia_racemosa,251
Tragopogon_dubius,252
Triodanis_sp.,254
UK_Fuzzy_Aster,256
UK_onagraceac,257
UK_poa,258
UK_Tall_Phlox,259
Unk_overlapping_alt,263
UNKFCHY1,264
UNKFCHY2,265
UNKFCHY3,266
UNKFCHY4,267
UNKFCHY5,268
UNKFCHY6,269
UNKFCHY7,270
UNKFCHY8,271
UNKFHYS1,272
UNKFHYS2,273
UNKFHYS3,274
UNKFHYS4,275
UNKFHYS5,276
UNKFHYS7,277
UNKFHYS8,278
UNKFKNZ1,279
UNKFKNZ2,280
UNKFKNZ3,281
unkforb_opp_Lvs,282
UNKFSGS1,283
UNKFSGS2,284
UNKFSGS3,285
UNKGRHYS1,286
UNKGRHYS2,287
UNKHYS,288
Unknown_ericoides_small,292
Unknown_forb,293
Unknown_grass,296
Unknown_linear_lvs,297
Unknown_milky_waxy,298
Agrostis_sp.,299
Unknown_pilos_forb,300
Unknown_ranunculus,301
Unknown_rosette,302
unk_Alien,303
Unknown_Seedling,304
AMRU,305
aristata_unknown,306
Unknown_dry_sad,307
UNKTRKNZ1,310
UNKTRKNZ2,311
Verbena_stricta,312
Vernonia_baldwinii,313
Vicia_americana,314
Viola_rafinesquii,315
Vulpia_octoflora,317
unk_Sonchus_seedling,318
Solanum_triflorum,320
ASSY,321
Ambrosia_artemisiifolia,323
Antennaria_parvifolia,324
Carex_blanda,325
Convolvulus_arvensis,327
Descurainia_pinnata,328
Draba_nemorosa,329
Erysimum_capitatum,330
Evolvulus_nuttalliana,331
Kochia_scoparia,332
Lespedeza_violacea,333
Nothocalais_cuspidata,334
Paronychia_sp.,336
Picradeniopsis_oppositifolia,337
Rhus_glabra,339
Solanum_triflorum,340
Sonchus_asper,341
Sporobolus_heterolepis,342
Stenaria_nigricans,343
Tetraneuris_acaulis,344
unk_fall_opposite_leaf,345
Tradescantia_bracteata,346
Ulmus_americana,347
Panicum_sp.,348
Polygonum_sp.,349
seedling_unknown,350
unk_Aristida,351
Astragalus_sp.,353
Chaetopappa_ericoides,354
Silene_sp.,355
unk_oenotheria,358
unk_Townsendia_grandiflora,359
Unknown_rosette,361
Unknown_whorled_linear,362
panicum_unknown,363
unk_Clover,364
Unknown_woody,367
Thelesperma_megapotamicum,368
unk_Milky_waxy,369
unk_mustard_unknown,370
unk_Oenothera,371
oxytopis_like_legume,372
unk_Tall_astragulus,373
unk_alternate_leaf_forb,375
unk_alternate_strong_midvein_hairy_margin,376
Astragalus_sp.,378
Desmodium_illinoense,379
Festuca_unknown,382
huge_penstemon,383
unk_juicy_forb,384
unk_Lepidium_like_forb,385
unk_Oerothera_rosette,386
unk_Oxytropis_sp.,387
Panicum_capillare,388
Plantago_lanceolata,389
unk_Primrose_like,390
unk_Red_edged_forb,391
unk_Three_Leaf_Unknown_forb,395
unknown_shiny_alternate,397
Ulmus_sp.,398
Unknown_Cirsium,401
Unknown_Erysimum,402
unknown_forb_tooth,403
unknown_machearanthera,405
unknown_pinnately_lobed,406
unknown_short_alternate,409
unknown,410
ASOX,502
Sporobolus_sp.,503
Astragalus_unknown,504
Croton_sp.,507
UNK_Aster_rosette,508
unk_rush_unknown,509
unknown_forb,701
