"","site","species","resp.ratio.site_D","resp.ratio.site_PD","SE.RII_D","SE.RII_PD","persistence.site","mean.ctrl.cov","percrank","absrank","spatial_rarity","temporal_rarity"
"1","CHY","Allium_textile",-0.253012048192771,-0.273972602739726,0.0200454324129532,0.0111554753297721,0.8,0.43,0.811881188118812,83,0.188118811881188,0.2
"2","CHY","Antennaria_parvifolia",-0.818181818181818,NA,0.0386955044398022,NA,0.1,0.025,0.425742574257426,44,0.574257425742574,0.9
"3","CHY","Antennaria_rosea",0.217391304347826,0.00483091787439668,0.0830883323479352,0.0465177887796067,1,0.357499999999999,0.801980198019802,82,0.198019801980198,0
"4","CHY","Aristida_purpurea",-1,NA,0,NA,0.1,0.00500000000000001,0.306930693069307,32,0.693069306930693,0.9
"5","CHY","Artemesia_dracunculus",0.0909090909090905,-0.0476190476190469,0.107426418187231,0.139011913140086,0.8,0.04,0.465346534653465,48,0.534653465346535,0.2
"6","CHY","Artemesia_frigida",-0.322233104799217,-0.28686327077748,0.00258137900611619,0.00508876111433814,1,5.6075,0.94059405940594,96,0.0594059405940595,0
"7","CHY","Artemesia_ludoviciana",NA,1,NA,0,0,0,0,10.5,1,1
"8","CHY","Astragalus_drummondii",-0.514018691588785,-0.43030303030303,0.06968682301661,0.0232009656104314,1,0.5025,0.831683168316832,85,0.168316831683168,0
"9","CHY","Astragalus_laxmanii",-0.268292682926829,-0.0434782608695653,0.0745796091542759,0.0846390176446036,0.8,0.0974999999999999,0.613861386138614,63,0.386138613861386,0.2
"10","CHY","Astragalus_shortianus",0.225806451612903,-0.106719367588933,0.0282184637008943,0.0213062323892437,1,0.5475,0.841584158415842,86,0.158415841584158,0
"11","CHY","Astragalus_sp.",0.636363636363636,1,0.117653578152848,0,0.1,0.00500000000000001,0.297029702970297,31,0.702970297029703,0.9
"12","CHY","Bouteloua_dactyloides",-0.547169811320755,-0.153846153846154,0.0417418558836548,0.0397522608314848,0.9,0.1875,0.742574257425743,76,0.257425742574257,0.1
"13","CHY","Bouteloua_gracilis",-0.238255033557047,-0.159811193526635,0.00237668723006136,0.00333356494625896,1,16.7125,0.99009900990099,101,0.00990099009900991,0
"14","CHY","Bouteloua_hirsuta",0.272727272727274,NA,0.0920627679342226,NA,0.1,0.03,0.445544554455446,46,0.554455445544555,0.9
"15","CHY","Bromus_japonicus",NA,1,NA,0,0,0,0,10.5,1,1
"16","CHY","Bromus_tectorum",0.809523809523809,0.880681818181818,0.0163081362267236,0.00656282703361286,0.6,0.0575000000000002,0.524752475247525,54,0.475247524752475,0.4
"17","CHY","Carex_eleocharis",0.0269192422731805,0.0317912738434556,0.000830869225883358,0.000963831094313996,1,22.995,1,102,0,0
"18","CHY","Carex_filifolia",1,-0.530434782608696,0,0.147022807175913,0.1,0.220000000000001,0.752475247524752,77,0.247524752475248,0.9
"19","CHY","Chenopodium_sp.",1,0.418604651162791,0,0.00966630504870981,0.4,0.0625,0.544554455445545,56,0.455445544554455,0.6
"20","CHY","Circium_ochochrocentrum",0.674418604651163,-0.500000000000001,0.0281956365521864,0.200769472361809,0.3,0.0474999999999999,0.485148514851485,50,0.514851485148515,0.7
"21","CHY","Cirsium_undulatum",0.136363636363636,-0.0215827338129493,0.0218245933027166,0.0199945452678608,1,0.335,0.792079207920792,81,0.207920792079208,0
"22","CHY","Collomia_linearis",-0.499999999999999,0.483870967741935,0.0925707547169811,0.031713627524469,0.6,0.035,0.455445544554455,47,0.544554455445545,0.4
"23","CHY","Comandra_umbellatum",0.112540192926045,0.00487804878048738,0.00715768010270488,0.0056127617702144,1,0.877500000000001,0.881188118811881,90,0.118811881188119,0
"24","CHY","Conyza_canadensis",-0.333333333333333,-4.62592926927148e-16,0.079724002802917,0.0951982132886649,0.3,0.0600000000000002,0.534653465346535,55,0.465346534653465,0.7
"25","CHY","Cymopterus_glomeratus",0.2,-0.333333333333333,0.0403803773584906,0.0383398473850735,0.4,0.08,0.574257425742574,59,0.425742574257426,0.6
"26","CHY","Cymopterus_montanus",NA,0.10344827586207,NA,0.0228768222369083,0.2,0.065,0.554455445544555,57,0.445544554455445,0.8
"27","CHY","Delphinium_geyeri",1,1,0,0,0,0,0,10.5,1,1
"28","CHY","Descurainia_pinnata",-1,1,0,0,0.1,0.00250000000000001,0.257425742574257,27,0.742574257425743,0.9
"29","CHY","Dieteria_canescens",0.647058823529411,-0.125,0.0713237562593946,0.0838426752905148,0.5,0.0524999999999998,0.495049504950495,51.5,0.504950495049505,0.5
"30","CHY","Draba_nemorosa",-1,-0.666666666666667,0,0.0984862584527574,0.3,0.0225,0.405940594059406,42,0.594059405940594,0.7
"31","CHY","Draba_reptans",-0.739130434782609,-0.684210526315789,0.0214101812846599,0.0301986447920112,0.5,0.1425,0.693069306930693,71,0.306930693069307,0.5
"32","CHY","Echinocereus_Escobaria",0.121951219512195,0.0199999999999994,0.0211268117702512,0.0115895473366834,1,0.18,0.732673267326733,75,0.267326732673267,0
"33","CHY","Erigeron_pumilus",0.101639344262295,0.114457831325301,0.0113066262899165,0.0125635231526013,0.7,1.42,0.910891089108911,93,0.0891089108910891,0.3
"34","CHY","Eriogonum_alatum",NA,0.904761904761905,NA,0.0114516877144396,0.2,0.005,0.277227722772277,29,0.722772277227723,0.8
"35","CHY","Eriogonum_effusum",0.246753246753247,0.233333333333334,0.0519328837710749,0.0581835070413797,1,0.1425,0.683168316831683,70,0.316831683168317,0
"36","CHY","Festuca_unknown",NA,1,NA,0,0,0,0,10.5,1,1
"37","CHY","Grindelia_squarrosa",-0.116279069767442,-0.777777777777778,0.0840102390598858,0.0336141919780277,0.5,0.1,0.623762376237624,64,0.376237623762376,0.5
"38","CHY","Gutierrezia_sarothrae",-0.11111111111111,-1,0.0521472892516194,0,0.6,0.0675000000000001,0.564356435643564,58,0.435643564356436,0.4
"39","CHY","Hesperostipa_comata",0.220397579948142,0.227934725390419,0.00261303801357795,0.00313209249115734,1,9.56499999999999,0.96039603960396,98,0.0396039603960396,0
"40","CHY","Heterotheca_villosa",-0.278143949380438,-0.308714918759232,0.00326235297569465,0.00687579170909607,1,8.60750000000001,0.95049504950495,97,0.0495049504950495,0
"41","CHY","Koeleria_macrantha",-0.405433646812957,-0.386224590487468,0.00414187637901007,0.00302646552303355,1,12.33,0.97029702970297,99,0.0297029702970297,0
"42","CHY","Lactuca_serriola",0.0555555555555559,0.52,0.0187677219303316,0.0346620397989949,0.7,0.1,0.633663366336634,65,0.366336633663366,0.3
"43","CHY","Lappula_redowskii",0.05084745762712,0.71875,0.0154458191051447,0.00946288132787352,0.8,0.0949999999999999,0.603960396039604,62,0.396039603960396,0.2
"44","CHY","Lepidium_densiflorum",0.226890756302521,0.875,0.0139408654085796,0.00731501747016333,0.5,0.12,0.653465346534653,67,0.346534653465347,0.5
"45","CHY","Lesquerella_montana",0.00671140939597341,0.0641025641025638,0.00681966908409099,0.00513356885472853,1,1.7225,0.920792079207921,94,0.0792079207920792,0
"46","CHY","Leucocrinum_montanum",-0.199999999999999,-0.414634146341464,0.0502140849444833,0.0508956471100587,0.9,0.1525,0.712871287128713,73,0.287128712871287,0.1
"47","CHY","Liatris_punctata",0.466666666666667,0.48,0.0274943085643296,0.0223082709547738,0.8,0.0524999999999998,0.495049504950495,51.5,0.504950495049505,0.2
"48","CHY","Linaria_dalmatica",0.283185840707965,0.633144475920681,0.00760236750547283,0.00315626045693213,0.7,0.850000000000004,0.871287128712871,89,0.128712871287129,0.3
"49","CHY","Lygodesmia_juncea",0.0973451327433627,-0.247524752475248,0.0121952499479873,0.0107801187253443,1,0.3075,0.782178217821782,80,0.217821782178218,0
"50","CHY","Machaeranthera_pinnatifida",-0.0399999999999999,-0.303030303030303,0.0326010686792454,0.0223948222096992,1,0.18,0.722772277227723,74,0.277227722772277,0
"51","CHY","Machaeranthera_tanacetifolia",-1,-0.75,0,0.0839254868090458,0.3,0.0249999999999999,0.415841584158416,43,0.584158415841584,0.7
"52","CHY","Mertensia_lanceolata",-0.173913043478261,-0.147058823529412,0.00504015993448571,0.00481520452624109,1,0.832499999999999,0.861386138613861,88,0.138613861386139,0
"53","CHY","Mirabilis_linearis",-0.125,0.191489361702127,0.036875214966588,0.0290765856029437,0.9,0.1025,0.643564356435644,66,0.356435643564356,0.1
"54","CHY","Musineon_divaricatum",0.0888888888888889,0.178947368421053,0.0113563904873375,0.0148669747090283,0.9,0.2225,0.762376237623762,78,0.237623762376238,0.1
"55","CHY","Nassella_viridula",-1,-1,0,0,0.2,0.01,0.356435643564356,37,0.643564356435644,0.8
"56","CHY","Oenothera_albicaulis",-1,NA,0,NA,0.1,0.005,0.287128712871287,30,0.712871287128713,0.9
"57","CHY","Oenothera_coronopifolia",0.404255319148937,0.166666666666667,0.0242976600701315,0.0324733234071592,0.8,0.0925000000000001,0.584158415841584,60.5,0.415841584158416,0.2
"58","CHY","Oenothera_sp.",-0.333333333333333,NA,0.118987844121784,NA,0.1,0.015,0.376237623762376,39,0.623762376237624,0.9
"59","CHY","Oenothera_suffrutescens",0.624161073825503,0.425287356321839,0.00575575848326969,0.0108599303472457,0.9,0.14,0.673267326732673,69,0.326732673267327,0.1
"60","CHY","Orobanche_sp.",-0.473684210526316,0.555555555555556,0.0391872241541556,0.090708074743478,0.5,0.04,0.475247524752475,49,0.524752475247525,0.5
"61","CHY","Oxytropis_lambertii",1,NA,0,NA,0,0,0,10.5,1,1
"62","CHY","Paronychia_sp.",1,1,0,0,0,0,0,10.5,1,1
"63","CHY","Pascopyrum_smithii",-0.0436452067067708,0.211973121563836,0.00101750939558008,0.0012891475751904,1,16.1675,0.98019801980198,100,0.0198019801980198,0
"64","CHY","Penstemon_albidus",-0.239766081871345,-0.36,0.00763538104926847,0.0107138186934673,0.9,0.474999999999999,0.821782178217822,84,0.178217821782178,0.1
"65","CHY","Phlox_hoodii",0.776315789473684,0.635514018691589,0.0111805912240634,0.0236556395718844,1,0.145,0.702970297029703,72,0.297029702970297,0
"66","CHY","Picradeniopsis_oppositifolia",NA,NA,NA,NA,0,0,0,10.5,1,1
"67","CHY","Plantago_patagonica",0.0703703703703693,-0.199999999999999,0.0264803034686078,0.0172853855074187,0.9,1.0225,0.891089108910891,91,0.108910891089109,0.1
"68","CHY","Poa_pratensis",1,0.6,0,0.12761407035176,0.1,0.00500000000000002,0.316831683168317,33,0.683168316831683,0.9
"69","CHY","Polygala_verticillata",2.08166817117216e-16,NA,0.499999999999998,NA,0.1,0.0025,0.207920792079208,22,0.792079207920792,0.9
"70","CHY","Potentilla_pensylvanica",-0.0810810810810817,-0.222222222222223,0.0470155536163287,0.0529344464877183,1,0.135,0.663366336633663,68,0.336633663366337,0
"71","CHY","Ratibida_columnifera",NA,1,NA,0,0,0,0,10.5,1,1
"72","CHY","Silene_sp.",NA,-1,NA,0,0.1,0.00250000000000001,0.247524752475248,26,0.752475247524752,0.9
"73","CHY","Sisymbrium_altissimum",0.4,0.5,0.0400452830188678,0.187028894472362,0.3,0.0175,0.396039603960396,41,0.603960396039604,0.7
"74","CHY","Sphaeralcea_coccinea",-0.0642201834862385,-0.00436681222707492,0.00318731043191701,0.00281948650088329,1,1.1,0.900990099009901,92,0.099009900990099,0
"75","CHY","Sporobolus_sp.",NA,-1,NA,0,0.2,0.0275000000000001,0.435643564356436,45,0.564356435643564,0.8
"76","CHY","Taraxacum_officinale",-0.36842105263158,0.245901639344262,0.0242597873591184,0.00970556845750831,0.8,0.2375,0.772277227722772,79,0.227722772277228,0.2
"77","CHY","Tetraneuris_acaulis",0.25,0.230769230769232,0.0738870872641508,0.0335622222937725,0.8,0.0925000000000001,0.584158415841584,60.5,0.415841584158416,0.2
"78","CHY","Townsendia_grandiflora",-1,-1,0,0,0.8,0.0574999999999999,0.514851485148515,53,0.485148514851485,0.2
"79","CHY","Tradescantia_occidentalis",0.333333333333333,-1,0.29567513005668,0,0.2,0.0175,0.386138613861386,40,0.613861386138614,0.8
"80","CHY","Tragopogon_dubius",-0.00371747211895883,-0.187878787878788,0.00584862621292987,0.0108293369512241,0.8,0.5825,0.851485148514851,87,0.148514851485149,0.2
"81","CHY","UK_Fuzzy_Aster",NA,1,NA,0,0,0,0,10.5,1,1
"82","CHY","UK_Tall_Phlox",NA,1,NA,0,0,0,0,10.5,1,1
"83","CHY","UK_onagraceac",NA,-1,NA,0,0.1,0.0075,0.346534653465347,36,0.653465346534653,0.9
"84","CHY","UNKFCHY1",NA,NA,NA,NA,0.1,0.00250000000000002,0.267326732673267,28,0.732673267326733,0.9
"85","CHY","UNKFCHY3",-1,NA,0,NA,0.1,0.0025,0.217821782178218,23,0.782178217821782,0.9
"86","CHY","UNKFCHY4",-1,NA,0,NA,0.1,0.00749999999999999,0.336633663366337,35,0.663366336633663,0.9
"87","CHY","UNKFCHY5",0,NA,0.499999999999998,NA,0.1,0.0025,0.198019801980198,21,0.801980198019802,0.9
"88","CHY","UNKFCHY6",-1.38777878078144e-16,NA,0.499999999999998,NA,0.1,0.0025,0.227722772277228,24,0.772277227722772,0.9
"89","CHY","UNKFCHY7",1,NA,0,NA,0,0,0,10.5,1,1
"90","CHY","UNK_Aster_rosette",NA,-0.111111111111112,NA,0.395821509620959,0.1,0.0125,0.366336633663366,38,0.633663366336634,0.9
"91","CHY","Unknown_Erysimum",NA,-1,NA,0,0.1,0.00500000000000004,0.326732673267327,34,0.673267326732673,0.9
"92","CHY","Unknown_forb",NA,0.500000000000001,NA,0.187028894472362,0.1,0.00250000000000001,0.237623762376238,25,0.762376237623762,0.9
"93","CHY","Unknown_linear_lvs",NA,1,NA,0,0,0,0,10.5,1,1
"94","CHY","Unknown_rosette",NA,1,NA,0,0,0,0,10.5,1,1
"95","CHY","Vulpia_octoflora",0.639111434814275,0.827225130890052,0.00341047484151829,0.0016554180301892,0.8,2.65749999999999,0.930693069306931,95,0.0693069306930693,0.2
"96","CHY","unk_Artemisia_ludoviciana",NA,1,NA,0,0,0,0,10.5,1,1
"97","CHY","unk_Oxytropis_sp.",NA,1,NA,0,0,0,0,10.5,1,1
"98","CHY","unk_Stipa_veridas",NA,1,NA,0,0,0,0,10.5,1,1
"99","CHY","unk_alternate_strong_midvein_hairy_margin",NA,1,NA,0,0,0,0,10.5,1,1
"100","CHY","unk_astragalus_oxytropis",NA,1,NA,0,0,0,0,10.5,1,1
"101","CHY","unknown",NA,1,NA,0,0,0,0,10.5,1,1
"102","CHY","unknown_shiny_alternate",NA,1,NA,0,0,0,0,10.5,1,1
"103","HYS","Achillea_millefolium",0.423076923076923,0.516483516483517,0.0306453689323019,0.0334244366130363,0.9,0.1725,0.716535433070866,92,0.283464566929134,0.1
"104","HYS","Allium_textile",-1,-1,0,0,0.2,0.0075,0.377952755905512,49,0.622047244094488,0.8
"105","HYS","Ambrosia_psilostachya",-0.0808720112517581,0.273144167383204,0.00457502035686266,0.00697793506473575,1,7.09499999999999,0.952755905511811,122,0.047244094488189,0
"106","HYS","Andropogon_gerardii",-0.875,0.8125,0.0173931001867138,0.0415986410936516,0.3,0.0450000000000001,0.606299212598425,78,0.393700787401575,0.7
"107","HYS","Andropogon_ternarius",0.0721003134796232,0.381625441696113,0.0164092205469462,0.00697062040932498,1,2.58,0.905511811023622,116,0.094488188976378,0
"108","HYS","Androsace_occidentalis",1,0.393939393939392,0,0.166940200441037,0.1,0.0249999999999999,0.496062992125984,64,0.503937007874016,0.9
"109","HYS","Aristida_purpurea",0.333103922918101,0.417984636240398,0.00385862200635912,0.00509585602540486,1,4.4,0.937007874015748,120,0.062992125984252,0
"110","HYS","Artemesia_ludoviciana",-0.99609375,-0.903494176372712,1.59354556832167e-05,0.00163517412314017,1,2.965,0.913385826771654,117,0.0866141732283464,0
"111","HYS","Asclepias_asperula",-0.448275862068965,-0.8,0.20414406738734,0.0455035175879399,0.7,0.0949999999999998,0.669291338582677,86,0.330708661417323,0.3
"112","HYS","Asclepias_seedling",NA,-1,NA,0,0.1,0.00250000000000002,0.275590551181102,36,0.724409448818898,0.9
"113","HYS","Asclepias_sp.",1,1,0,0,0.1,0.00750000000000001,0.385826771653543,50.5,0.614173228346457,0.9
"114","HYS","Asclepias_stenophylla",1,1,0,0,0,0,0,16.5,1,1
"115","HYS","Asclepias_tuberosa",NA,1,NA,0,0,0,0,16.5,1,1
"116","HYS","Asclepias_viridis",0.363636363636364,0.428571428571429,0.157122090588203,0.155714013633347,0.5,0.035,0.535433070866142,69,0.464566929133858,0.5
"117","HYS","Aster_ericoides",-0.63,0.0769230769230773,0.0188509433647799,0.0330752885607265,1,0.525000000000001,0.826771653543307,106,0.173228346456693,0
"118","HYS","Aster_oblongifolius",-0.924369747899159,-0.800664451827243,0.00229791514405318,0.00750067355843906,1,1.2675,0.881889763779528,113,0.118110236220472,0
"119","HYS","Astragalus_sp",0.416666666666667,-0.5,0.0680490951840206,0.106766471245115,0.7,0.0424999999999999,0.590551181102362,76,0.409448818897638,0.3
"120","HYS","Astragulus_crassicarpus",-0.64406779661017,-0.6,0.0241489135937754,0.0447106644332773,0.8,0.294999999999999,0.803149606299213,103,0.196850393700787,0.2
"121","HYS","Bouteloua_curtipendula",-0.192221868026777,0.122406015037594,0.00176674909338875,0.00173283838023513,1,28.8375,1,128,0,0
"122","HYS","Bouteloua_dactyloides",0.0634441087613291,0.372859025032938,0.0441806689431619,0.0271547448988115,1,1.675,0.889763779527559,114,0.110236220472441,0
"123","HYS","Bouteloua_gracilis",0.0829074389551392,0.323223813535524,0.0107618092082953,0.0086847962763197,1,8.7475,0.960629921259842,123,0.0393700787401575,0
"124","HYS","Bouteloua_hirsuta",0.492795389048991,0.348754448398576,0.0478143178898127,0.0448665642596558,1,0.86,0.858267716535433,110,0.141732283464567,0
"125","HYS","Bromus_japonicus",0.750297265160523,0.36826119969628,0.00227514295921076,0.00913549830885711,1,4.34250000000002,0.929133858267717,119,0.0708661417322834,0
"126","HYS","Bromus_tectorum",0.333333333333333,NA,0.29567513005668,NA,0.1,0.00250000000000001,0.251968503937008,33,0.748031496062992,0.9
"127","HYS","Calylophus_serrulatus",1,0.933333333333333,0,0.00259365965630621,0.2,0.00999999999999999,0.401574803149606,52,0.598425196850394,0.8
"128","HYS","Carex_brevior",0.888888888888889,0.810810810810811,0.0119780597949193,0.0102679634155842,0.5,0.0225,0.480314960629921,62.5,0.519685039370079,0.5
"129","HYS","Carex_gravida",NA,1,NA,0,0,0,0,16.5,1,1
"130","HYS","Carex_heliophyla",NA,-0.200000000000001,NA,0.357885427135678,0.2,0.00749999999999999,0.362204724409449,47,0.637795275590551,0.8
"131","HYS","Castilleja_purpurea",1,1,0,0,0,0,0,16.5,1,1
"132","HYS","Chaetopappa_ericoides",-0.333333333333333,-1,0.29567513005668,0,0.4,0.0375000000000002,0.543307086614173,70,0.456692913385827,0.6
"133","HYS","Chenopodium_sp.",1,NA,0,NA,0,0,0,16.5,1,1
"134","HYS","Chloris_sp.",NA,0.866666666666667,NA,0.0214437123891061,0.1,0.00250000000000001,0.267716535433071,35,0.732283464566929,0.9
"135","HYS","Cirsium_undulatum",-0.578125,-0.0378006872852235,0.0234653872888793,0.0362131085931917,1,0.7525,0.850393700787402,109,0.149606299212598,0
"136","HYS","Convolvulus_arvensis",NA,-1,NA,0,0.2,0.00500000000000003,0.338582677165354,44,0.661417322834646,0.8
"137","HYS","Conyza_canadensis",0.741496598639457,0.672932330827068,0.00660380110128411,0.00438319165053126,0.7,0.265,0.748031496062992,96,0.251968503937008,0.3
"138","HYS","Croton_sp.",0.666666666666666,0.5,0.092204363692833,0.218435929648243,0.2,0.00500000000000001,0.330708661417323,43,0.669291338582677,0.8
"139","HYS","Cyperus_acuminatus",-4.85722573273505e-16,0.538461538461539,0.499999999999997,0.104580885591081,0.3,0.01,0.409448818897638,53,0.590551181102362,0.7
"140","HYS","Dalea_candida",0,NA,0.500000000000005,NA,0.2,0.01,0.417322834645669,54,0.582677165354331,0.8
"141","HYS","Dalea_purpurea",0.499999999999999,0.379310344827587,0.0670204402515724,0.0591237222930286,0.6,0.0550000000000002,0.622047244094488,80,0.377952755905512,0.4
"142","HYS","Descurainia_pinnata",NA,0.789473684210526,NA,0.0220388164840287,0.1,0.00500000000000005,0.346456692913386,45,0.653543307086614,0.9
"143","HYS","Dicanthelium_oligosanthes",-0.96,-0.981481481481482,0.00206731270440247,0.000168092717102047,0.9,0.924999999999997,0.874015748031496,112,0.125984251968504,0.1
"144","HYS","Draba_reptans",0.932432432432432,0.714285714285715,0.00179182641571718,0.0730683823113905,0.5,0.0424999999999998,0.582677165354331,75,0.417322834645669,0.5
"145","HYS","Echinocereus_Escobaria",1,1,0,0,0,0,0,16.5,1,1
"146","HYS","Erigeron_strigosus",-0.4,-0.793103448275862,0.015194856743536,0.00645337658172549,0.9,0.459999999999999,0.818897637795276,105,0.181102362204724,0.1
"147","HYS","Eriogonum_sp",-1,-0.764705882352941,0,0.0515502405166481,0.5,0.0424999999999997,0.566929133858268,73,0.433070866141732,0.5
"148","HYS","Eryisimum_asperum",0.591836734693877,0.156862745098039,0.0136229917525319,0.0182328391437357,0.9,0.29,0.795275590551181,102,0.204724409448819,0.1
"149","HYS","Erysimum_capitatum",NA,NA,NA,NA,0,0,0,16.5,1,1
"150","HYS","Euphorbia_marginata",0.333333333333333,1,0.0969019333799212,0,0.1,0.0075,0.37007874015748,48,0.62992125984252,0.9
"151","HYS","Euphorbia_sp.",0.673469387755102,0.947686116700201,0.0138816510708423,0.000382865987859765,0.6,0.06,0.637795275590551,82,0.362204724409449,0.4
"152","HYS","Euphorbiadavidii",0.230769230769231,-1,0.112745554643168,0,0.3,0.0250000000000001,0.503937007874016,65,0.496062992125984,0.7
"153","HYS","Gutierrezia_sarothrae",-0.0799396681749627,0.246753246753247,0.0122797930183322,0.011908277889942,1,1.7925,0.89763779527559,115,0.102362204724409,0
"154","HYS","Happlopappus_filiosus",NA,1,NA,0,0,0,0,16.5,1,1
"155","HYS","Hedeoma_hispida",0.482352941176471,0.184466019417476,0.00479921384589076,0.0123302914512872,1,0.2725,0.755905511811024,97,0.244094488188976,0
"156","HYS","Helianthus_annuus",0.870967741935484,0.811320754716981,0.0107260264702416,0.0156168072140362,0.4,0.0225,0.480314960629921,62.5,0.519685039370079,0.6
"157","HYS","Hordeum_pusilum",0.75609756097561,1,0.0271372102737109,0,0.3,0.02,0.47244094488189,61,0.52755905511811,0.7
"158","HYS","Ipomopsis_laxiflora",1,NA,0,NA,0,0,0,16.5,1,1
"159","HYS","Koeleria_macrantha",1,0.399999999999999,0,0.165463316582915,0.2,0.00749999999999998,0.354330708661417,46,0.645669291338583,0.8
"160","HYS","Kuhnia_eupatoroides",0.95049504950495,0.907756813417191,0.000572701222513305,0.00089027169623104,0.9,0.0775,0.661417322834646,85,0.338582677165354,0.1
"161","HYS","Lactuca_serriola",0.929824561403509,-0.125000000000001,0.00416652923701427,0.0593979418577261,0.4,0.0275000000000001,0.52755905511811,68,0.47244094488189,0.6
"162","HYS","Lappula_redowskii",1,NA,0,NA,0,0,0,16.5,1,1
"163","HYS","Lepidium_densiflorum",0.650793650793651,0.222222222222222,0.0346712208541052,0.0424776680230904,0.8,0.105,0.677165354330709,87,0.322834645669291,0.2
"164","HYS","Liatris_punctata",0.333333333333334,-0.0322580645161292,0.0118390019196525,0.0226598599325253,1,0.372499999999999,0.811023622047244,104,0.188976377952756,0
"165","HYS","Linum_rigidum",0.298245614035088,-0.428571428571429,0.0166531522518707,0.115529752050548,0.5,0.0625,0.645669291338583,83,0.354330708661417,0.5
"166","HYS","Lithospermum_incisum",1,1,0,0,0.1,0.00250000000000002,0.283464566929134,37,0.716535433070866,0.9
"167","HYS","Machaeranthera_pinnatifida",-0.0999999999999994,-0.225,0.0619871069182389,0.0377628759029523,1,0.21,0.732283464566929,94,0.267716535433071,0
"168","HYS","Medicago_lupulina",0.193181818181818,0.473684210526315,0.00682414068227016,0.0531505526034113,0.7,0.285,0.779527559055118,100.5,0.220472440944882,0.3
"169","HYS","Melilotus_sp.",0.0769230769230769,-0.27461139896373,0.0686487325385995,0.0206476726063953,1,0.61,0.84251968503937,108,0.15748031496063,0
"170","HYS","Mirabilis_linearis",-1,0.466666666666668,0,0.0298381675179739,0.5,0.04,0.559055118110236,72,0.440944881889764,0.5
"171","HYS","Oenothera_sp",-0.499999999999999,-0.303030303030304,0.186910377358491,0.108159006956148,0.6,0.115000000000001,0.692913385826772,89,0.307086614173228,0.4
"172","HYS","Opuntia_polycantha",-0.333333333333334,-0.137931034482759,0.0437224217838793,0.0348790423036926,1,0.28,0.771653543307087,99,0.228346456692913,0
"173","HYS","Oxalis_stricta",0.0731707317073165,0.0417827298050131,0.013132652000313,0.0235462990252245,1,0.567500000000001,0.834645669291339,107,0.165354330708661,0
"174","HYS","Pascopyrum_smithii",0.303776683087028,0.00852985449071749,0.00340531085688356,0.00367550158050314,1,16.32,0.976377952755906,125,0.0236220472440944,0
"175","HYS","Plantago_patagonica",0.75,-0.499999999999999,0.0544295400943395,0.0614007537688437,0.3,0.0424999999999997,0.574803149606299,74,0.425196850393701,0.7
"176","HYS","Plantago_rhodosperma",1,NA,0,NA,0,0,0,16.5,1,1
"177","HYS","Poa_pratensis",-0.319271332694152,-0.182025894897183,0.0131896300022598,0.0141328442580803,1,5.83,0.94488188976378,121,0.0551181102362205,0
"178","HYS","Polygala_verticillata",-0.529411764705882,-0.499999999999999,0.0409739907238332,0.0648904243439416,0.6,0.065,0.653543307086614,84,0.346456692913386,0.4
"179","HYS","Polygonum_sp.",NA,-1,NA,0,0.1,0.00250000000000002,0.291338582677165,38,0.708661417322835,0.9
"180","HYS","Psoralea_cuspidata",0.6,0.777777777777778,0.127516981132075,0.0559787199984072,0.3,0.00750000000000001,0.385826771653543,50.5,0.614173228346457,0.7
"181","HYS","Psoralea_esculenta",-0.818181818181818,-0.666666666666667,0.0331970313400079,0.104690117252931,0.7,0.045,0.598425196850394,77,0.401574803149606,0.3
"182","HYS","Psoralea_tenuiflora",-0.259194395796847,-0.227170490328385,0.00662389006155498,0.0026334562914534,1,13.4075,0.968503937007874,124,0.031496062992126,0
"183","HYS","Ratibida_columnifera",-0.0833333333333332,-0.266666666666667,0.0245588311020955,0.051731199205906,0.9,0.2775,0.763779527559055,98,0.236220472440945,0.1
"184","HYS","Ruellia_humilis",1,NA,0,NA,0,0,0,16.5,1,1
"185","HYS","Salsola_tragus",1,NA,0,NA,0,0,0,16.5,1,1
"186","HYS","Salvia_azurea",0,NA,0.499999999999996,NA,0.2,0.0100000000000001,0.425196850393701,55,0.574803149606299,0.8
"187","HYS","Schedonnardus_paniculatus",2.08166817117216e-16,-1,0.374213836477985,0,0.3,0.0475000000000002,0.614173228346457,79,0.385826771653543,0.7
"188","HYS","Schizachyrium_scoparium",-0.39074618882054,-0.184883951596905,0.00671123782262459,0.00388684134476691,1,21.965,0.984251968503937,126,0.015748031496063,0
"189","HYS","Schrankia_nutallii",-0.966942148760331,-0.952561669829222,0.000276204291098599,0.000675153801045553,1,3.96750000000001,0.921259842519685,118,0.0787401574803149,0
"190","HYS","Senecio_plattensis",0.178082191780822,0.0429447852760735,0.0163228463969358,0.0202954743947832,1,0.285,0.779527559055118,100.5,0.220472440944882,0
"191","HYS","Silene_antirrhina",0.205882352941177,0.255813953488373,0.0330549729367953,0.0254698714872707,0.8,0.2,0.724409448818898,93,0.275590551181102,0.2
"192","HYS","Solanum_rostratum",NA,1,NA,0,0,0,0,16.5,1,1
"193","HYS","Solidago_canadensis",-0.375,1,0.0640101402810534,0,0.1,0.0275000000000001,0.519685039370079,67,0.480314960629921,0.9
"194","HYS","Solidago_missouriensis",1,1,0,0,0,0,0,16.5,1,1
"195","HYS","Sorghastrum_nutans",-0.986666666666667,-1,0.000223265930584689,0,0.9,0.869999999999999,0.866141732283465,111,0.133858267716535,0.1
"196","HYS","Sphaeralcea_coccinea",0.956521739130435,0.818181818181818,0.00194781542501707,0.0053885986177043,0.6,0.0275,0.511811023622047,66,0.488188976377953,0.4
"197","HYS","Sporobolus_asper",-0.399290647750607,-0.272420104181332,0.0032216876057303,0.00329743775570252,1,23.3075,0.992125984251969,127,0.00787401574803148,0
"198","HYS","Sporobolus_cryptandrus",0.181818181818182,-0.142857142857143,0.0976818781065837,0.0875849468081762,0.8,0.1125,0.68503937007874,88,0.31496062992126,0.2
"199","HYS","Sporobolus_heterolepis",1,NA,0,NA,0,0,0,16.5,1,1
"200","HYS","Stenaria_nigricans",1,NA,0,NA,0,0,0,16.5,1,1
"201","HYS","Teucrium_canadense",1,NA,0,NA,0,0,0,16.5,1,1
"202","HYS","Thelesperma_megapotamicum",0.263157894736843,0.353846153846154,0.0829617772652336,0.041402261332924,1,0.1225,0.708661417322835,91,0.291338582677165,0
"203","HYS","Tradescantia_bracteata",1,NA,0,NA,0,0,0,16.5,1,1
"204","HYS","Tragia_racemosa",0.701492537313433,0.811023622047244,0.0138075686916566,0.00587890962616775,0.9,0.0574999999999999,0.62992125984252,81,0.37007874015748,0.1
"205","HYS","Tragopogon_dubius",0.150000000000001,-0.073170731707317,0.069429225628931,0.0538288899483882,0.9,0.254999999999999,0.740157480314961,95,0.259842519685039,0.1
"206","HYS","Triodanis_sp.",0.818181818181818,0.666666666666667,0.0298979474801313,0.098486258452758,0.3,0.0125,0.448818897637795,58,0.551181102362205,0.7
"207","HYS","UNKFHYS1",NA,1,NA,0,0,0,0,16.5,1,1
"208","HYS","UNKFHYS2",NA,-1,NA,0,0.1,0.0124999999999999,0.433070866141732,56,0.566929133858268,0.9
"209","HYS","UNKFHYS4",-1,NA,0,NA,0.2,0.005,0.307086614173228,40,0.692913385826772,0.8
"210","HYS","UNKFHYS5",-0.333333333333333,NA,0.29567513005668,NA,0.1,0.005,0.31496062992126,41,0.68503937007874,0.9
"211","HYS","UNKFHYS7",1,NA,0,NA,0,0,0,16.5,1,1
"212","HYS","UNKFHYS8",0.5,NA,0.100432389937107,NA,0.1,0.005,0.322834645669291,42,0.677165354330709,0.9
"213","HYS","UNKGRHYS1",1,NA,0,NA,0,0,0,16.5,1,1
"214","HYS","UNKHYS",-1.38777878078144e-16,-0.333333333333333,0.499999999999995,0.146907376388113,0.3,0.0174999999999999,0.464566929133858,60,0.535433070866142,0.7
"215","HYS","Ulmus_sp.",NA,1,NA,0,0,0,0,16.5,1,1
"216","HYS","Unk_overlapping_alt",NA,1,NA,0,0,0,0,16.5,1,1
"217","HYS","Unknown_Cirsium",NA,1,NA,0,0,0,0,16.5,1,1
"218","HYS","Unknown_rosette",NA,1,NA,0,0,0,0,16.5,1,1
"219","HYS","Unknown_woody",NA,1,NA,0,0,0,0,16.5,1,1
"220","HYS","Vicia_americana",-0.749999999999999,-0.636363636363637,0.0563949488993707,0.071049874054378,0.7,0.04,0.551181102362205,71,0.448818897637795,0.3
"221","HYS","Viola_rafinesquii",-1,0.583333333333332,0,0.0295622353666481,0.3,0.0149999999999999,0.456692913385827,59,0.543307086614173,0.7
"222","HYS","Vulpia_octoflora",0.733333333333333,0.674418604651163,0.0347892848823665,0.021329244437174,0.5,0.12,0.700787401574803,90,0.299212598425197,0.5
"223","HYS","oxytopis_like_legume",NA,1,NA,0,0,0,0,16.5,1,1
"224","HYS","seedling_unknown",NA,1,NA,0,0,0,0,16.5,1,1
"225","HYS","unk_alternate_leaf_forb",NA,1,NA,0,0,0,0,16.5,1,1
"226","HYS","unk_fall_opposite_leaf",NA,0.500000000000001,NA,0.187028894472362,0.1,0.00250000000000001,0.259842519685039,34,0.740157480314961,0.9
"227","HYS","unk_juicy_forb",NA,0,NA,0.500000000000001,0.1,0.00250000000000002,0.299212598425197,39,0.700787401574803,0.9
"228","HYS","unk_mustard_unknown",NA,0.782608695652174,NA,0.0203774634479712,0.1,0.0125,0.440944881889764,57,0.559055118110236,0.9
"229","HYS","unkforb_opp_Lvs",NA,1,NA,0,0,0,0,16.5,1,1
"230","HYS","unknown_forb",NA,1,NA,0,0,0,0,16.5,1,1
"231","KNZ","Achillea_millefolium",1,1,0,0,0,0,0,9.5,1,1
"232","KNZ","Amaranthus_sp. ",NA,1,NA,0,0,0,0,9.5,1,1
"233","KNZ","Ambrosia_artemisiifolia",0,-1,0.499999999999998,0,0.222222222222222,0.00555555555555557,0.363636363636364,33,0.636363636363636,0.777777777777778
"234","KNZ","Ambrosia_psilostachya",0.05006105006105,0.0203375162267414,0.00538670523169583,0.00393082288482959,1,9.025,0.943181818181818,84,0.0568181818181818,0
"235","KNZ","Amorpha_canescens",-0.321947053800171,-0.373315363881402,0.0188070501282994,0.0151589170136623,1,5.53333333333333,0.931818181818182,83,0.0681818181818182,0
"236","KNZ","Andropogon_gerardii",0.173430951244098,0.12121491026231,0.000723954063164552,0.000556642045398343,1,53.8138888888889,1,89,0,0
"237","KNZ","Antennaria_neglecta",-1,-1,0,0,0.888888888888889,0.0444444444444445,0.568181818181818,51,0.431818181818182,0.111111111111111
"238","KNZ","Artemesia_ludoviciana",0.864406779661017,0.692307692307692,0.00353503341451553,0.0112396704585977,1,0.088888888888889,0.659090909090909,59,0.340909090909091,0
"239","KNZ","Asclepias_stenophylla",0.379310344827586,0.0999999999999994,0.0640525401560175,0.0660625786163521,0.777777777777778,0.0749999999999999,0.636363636363636,57,0.363636363636364,0.222222222222222
"240","KNZ","Asclepias_sullivantii",-4.16333634234433e-16,-1,0.499999999999997,0,0.555555555555556,0.025,0.522727272727273,47,0.477272727272727,0.444444444444444
"241","KNZ","Asclepias_syriaca",NA,-1,NA,0,0.111111111111111,0.00277777777777778,0.204545454545455,22.5,0.795454545454545,0.888888888888889
"242","KNZ","Asclepias_tuberosa",-1,-0.809523809523809,0,0.0176327389534326,0.666666666666667,0.0972222222222223,0.670454545454545,60,0.329545454545455,0.333333333333333
"243","KNZ","Asclepias_verticillata",0.173553719008264,0.342105263157895,0.00551865855791502,0.00748526744966794,1,1.17222222222222,0.863636363636364,77,0.136363636363636,0
"244","KNZ","Asclepias_viridiflora",0.333333333333333,NA,0.295675130056681,NA,0.111111111111111,0.00277777777777779,0.295454545454545,28.5,0.704545454545455,0.888888888888889
"245","KNZ","Asclepias_viridis",-0.9,0.11111111111111,0.0162889937106917,0.196932704114939,0.555555555555556,0.063888888888889,0.590909090909091,53,0.409090909090909,0.444444444444444
"246","KNZ","Aster_ericoides",-0.0105263157894734,0.208275862068966,0.0237892528072555,0.0166165050864647,1,0.969444444444444,0.840909090909091,75,0.159090909090909,0
"247","KNZ","Aster_oblongifolius",1,0.964125560538116,0,0.000654575722699192,0.222222222222222,0.0138888888888889,0.477272727272727,43,0.522727272727273,0.777777777777778
"248","KNZ","Baptisia_bracteata",0.48051948051948,0.61849710982659,0.0519101891153402,0.0330436479341725,1,0.152777777777778,0.704545454545455,63,0.295454545454545,0
"249","KNZ","Bouteloua_curtipendula",-0.131313131313131,0.293051359516616,0.0250059249133392,0.0348882101626041,1,1.11388888888889,0.852272727272727,76,0.147727272727273,0
"250","KNZ","Bouteloua_dactyloides",1,NA,0,NA,0,0,0,9.5,1,1
"251","KNZ","Bouteloua_gracilis",-1,-0.599999999999999,0,0.120271698113207,1,0.1,0.681818181818182,61,0.318181818181818,0
"252","KNZ","Bouteloua_hirsuta",1,NA,0,NA,0,0,0,9.5,1,1
"253","KNZ","Carex_brevior",-0.022222222222222,0.0796460176991152,0.0168630100297259,0.0198122087495869,1,0.619444444444444,0.795454545454545,71,0.204545454545455,0
"254","KNZ","Carex_gravida",6.93889390390721e-17,1,0.499999999999997,0,0.111111111111111,0.00277777777777778,0.204545454545455,22.5,0.795454545454545,0.888888888888889
"255","KNZ","Carex_heliophyla",0.199570815450644,0.28,0.0032188517297879,0.00395098551251444,1,4.46111111111111,0.920454545454545,82,0.0795454545454546,0
"256","KNZ","Carex_meadii",-0.0308747855917667,-0.128651973347002,0.00200923229587347,0.00144699787871385,1,11.2333333333333,0.965909090909091,86,0.0340909090909091,0
"257","KNZ","Cirsium_sp",NA,0,NA,0.499999999999997,0.111111111111111,0.00277777777777778,0.204545454545455,22.5,0.795454545454545,0.888888888888889
"258","KNZ","Cyperus_lupulinus",0.0909090909090909,0.0666666666666669,0.0876319150279712,0.135547418277816,0.777777777777778,0.0361111111111111,0.545454545454545,49,0.454545454545455,0.222222222222222
"259","KNZ","Dalea_candida",0.272727272727272,0.230769230769231,0.0814323866079533,0.0703406988134875,0.888888888888889,0.0666666666666667,0.602272727272727,54,0.397727272727273,0.111111111111111
"260","KNZ","Dalea_purpurea",0.692307692307692,0.8,0.0319845045328338,0.0271144654088049,0.555555555555556,0.0277777777777778,0.534090909090909,48,0.465909090909091,0.444444444444444
"261","KNZ","Desmodium_illinoense",NA,1,NA,0,0,0,0,9.5,1,1
"262","KNZ","Dicanthelium_acuminatum",-0.703703703703703,-0.9,0.0413103478629168,0.0108047169811322,0.888888888888889,0.122222222222222,0.693181818181818,62,0.306818181818182,0.111111111111111
"263","KNZ","Dicanthelium_oligosanthes",-0.155615696887686,-0.147180192572215,0.0025298466078861,0.00296236951885778,1,2.69166666666667,0.886363636363636,79,0.113636363636364,0
"264","KNZ","Eleocharis_sp.",-1,-1,0,0,0.777777777777778,0.194444444444445,0.727272727272727,65,0.272727272727273,0.222222222222222
"265","KNZ","Eragrostis_spectabilis",-0.570469798657717,-0.542857142857142,0.0266628091502151,0.0436458477730716,1,0.858333333333333,0.829545454545455,74,0.170454545454545,0
"266","KNZ","Erigeron_strigosus",-1.38777878078144e-16,-0.454545454545455,0.499999999999997,0.0516306624070681,0.444444444444444,0.0472222222222221,0.579545454545455,52,0.420454545454545,0.555555555555556
"267","KNZ","Euphorbia_marginata",-1,-1,0,0,0.444444444444444,0.0166666666666667,0.5,45,0.5,0.555555555555556
"268","KNZ","Euphorbia_sp.",-0.311827956989248,0.0718232044198897,0.00493199891022712,0.00667036084944804,1,0.647222222222222,0.818181818181818,73,0.181818181818182,0
"269","KNZ","Juncus_interior",1,1,0,0,0,0,0,9.5,1,1
"270","KNZ","Koeleria_macrantha",-0.0980392156862742,0.365853658536585,0.0383760713802868,0.029722303402929,0.888888888888889,0.197222222222222,0.738636363636364,66,0.261363636363636,0.111111111111111
"271","KNZ","Kuhnia_eupatoroides",1,1,0,0,0,0,0,9.5,1,1
"272","KNZ","Lactuca_serriola",NA,-0.333333333333333,NA,0.295675130056681,0.222222222222222,0.00555555555555557,0.375,34.5,0.625,0.777777777777778
"273","KNZ","Lepidium_densiflorum",-1,NA,0,NA,0.111111111111111,0.00277777777777779,0.295454545454545,28.5,0.704545454545455,0.888888888888889
"274","KNZ","Lespedeza_capitata",-0.15625,-0.773913043478261,0.067234756061866,0.0105717776350042,1,0.405555555555556,0.784090909090909,70,0.215909090909091,0
"275","KNZ","Lespedeza_violacea",0.714285714285714,NA,0.0696565110449261,NA,0.222222222222222,0.00555555555555557,0.420454545454545,38.5,0.579545454545455,0.777777777777778
"276","KNZ","Liatris_punctata",1,1,0,0,0,0,0,9.5,1,1
"277","KNZ","Linum_sulcatum",-1,-1,0,0,0.777777777777778,0.0388888888888889,0.556818181818182,50,0.443181818181818,0.222222222222222
"278","KNZ","Medicago_lupulina",1,NA,0,NA,0,0,0,9.5,1,1
"279","KNZ","Oenothera_speciosa",NA,1,NA,0,0,0,0,9.5,1,1
"280","KNZ","Oxalis_stricta",-0.658536585365853,0.128205128205128,0.0144267654606913,0.0250259463346874,0.777777777777778,0.161111111111111,0.715909090909091,64,0.284090909090909,0.222222222222222
"281","KNZ","Oxalis_violacea",-0.333333333333333,NA,0.29567513005668,NA,0.111111111111111,0.00555555555555557,0.397727272727273,36.5,0.602272727272727,0.888888888888889
"282","KNZ","Panicum_capillare",NA,1,NA,0,0,0,0,9.5,1,1
"283","KNZ","Panicum_virgatum",-1,-0.962043795620438,0,0.000609769081510422,1,4.23888888888889,0.909090909090909,81,0.0909090909090909,0
"284","KNZ","Pascopyrum_smithii",NA,1,NA,0,0,0,0,9.5,1,1
"285","KNZ","Physalis_pumila",0.21311475409836,0.327272727272727,0.0232964391583603,0.0196323390977091,1,0.275,0.772727272727273,69,0.227272727272727,0
"286","KNZ","Plantago_rhodosperma",NA,1,NA,0,0.111111111111111,0.00277777777777779,0.340909090909091,31,0.659090909090909,0.888888888888889
"287","KNZ","Poa_pratensis",1,NA,0,NA,0.111111111111111,0.00277777777777779,0.352272727272727,32,0.647727272727273,0.888888888888889
"288","KNZ","Polygala_verticillata",1,-1,0,0,0.111111111111111,0.00555555555555557,0.375,34.5,0.625,0.888888888888889
"289","KNZ","Psoralea_tenuiflora",0.413813116656994,0.223262032085562,0.0078490578787471,0.00978882143478663,1,3.40833333333333,0.897727272727273,80,0.102272727272727,0
"290","KNZ","Ratibida_columnifera",-1,-0.583333333333333,0,0.0711088242002485,0.666666666666667,0.0694444444444443,0.625,56,0.375,0.333333333333333
"291","KNZ","Rhus_glabra",-1,NA,0,NA,0.222222222222222,0.00555555555555557,0.443181818181818,40,0.556818181818182,0.777777777777778
"292","KNZ","Ruellia_humilis",-0.164345403899721,-0.056122448979592,0.0101194638580944,0.0117850686021726,1,1.30833333333333,0.875,78,0.125,0
"293","KNZ","Salvia_azurea",-1,-1,0,0,1,0.208333333333333,0.75,67,0.25,0
"294","KNZ","Schizachyrium_scoparium",-0.334071613141381,-0.408838643371017,0.00414355257407088,0.00393888825562224,1,21.7138888888889,0.977272727272727,87,0.0227272727272727,0
"295","KNZ","Schrankia_nutallii",1,0.833333333333333,0,0.0299882560757824,0.111111111111111,0.00555555555555557,0.420454545454545,38.5,0.579545454545455,0.888888888888889
"296","KNZ","Senecio_plattensis",1,NA,0,NA,0,0,0,9.5,1,1
"297","KNZ","Silene_antirrhina",NA,NA,NA,NA,0,0,0,9.5,1,1
"298","KNZ","Sisynchrium_campestre",0.749999999999999,0.538461538461538,0.0662219929245285,0.0342112292370363,0.222222222222222,0.0194444444444444,0.511363636363636,46,0.488636363636364,0.777777777777778
"299","KNZ","Solidago_canadensis",-1,-2.77555756156289e-16,0,0.032669461914745,0.555555555555556,0.0694444444444443,0.613636363636364,55,0.386363636363636,0.444444444444444
"300","KNZ","Solidago_missouriensis",-0.156626506024096,-0.212121212121212,0.0454093831461296,0.030385789260699,1,0.64722222222222,0.806818181818182,72,0.193181818181818,0
"301","KNZ","Sonchus_asper",-1,NA,0,NA,0.111111111111111,0.00277777777777778,0.204545454545455,22.5,0.795454545454545,0.888888888888889
"302","KNZ","Sorghastrum_nutans",-0.146261859582543,-0.11629968967046,0.000897541222313541,0.00148887314989582,1,34.6527777777778,0.988636363636364,88,0.0113636363636364,0
"303","KNZ","Sporobolus_asper",-0.667320517850137,-0.564102564102564,0.00290479233678312,0.00380738015434919,1,9.80833333333333,0.954545454545455,85,0.0454545454545454,0
"304","KNZ","Taraxacum_officinale",-1,1,0,0,0.111111111111111,0.00555555555555557,0.397727272727273,36.5,0.602272727272727,0.888888888888889
"305","KNZ","Teucrium_canadense",-1,-1,0,0,0.666666666666667,0.252777777777777,0.761363636363636,68,0.238636363636364,0.333333333333333
"306","KNZ","Tragia_racemosa",NA,-1,NA,0,0.111111111111111,0.00277777777777778,0.204545454545455,22.5,0.795454545454545,0.888888888888889
"307","KNZ","UNKFKNZ1",-1,NA,0,NA,0.111111111111111,0.00277777777777779,0.295454545454545,28.5,0.704545454545455,0.888888888888889
"308","KNZ","UNKFKNZ2",1,NA,0,NA,0,0,0,9.5,1,1
"309","KNZ","UNKTRKNZ1",-0.6,NA,0.127516981132075,NA,0.111111111111111,0.0111111111111111,0.465909090909091,42,0.534090909090909,0.888888888888889
"310","KNZ","UNKTRKNZ2",-1,NA,0,NA,0.111111111111111,0.00277777777777779,0.295454545454545,28.5,0.704545454545455,0.888888888888889
"311","KNZ","Ulmus_americana",0,NA,0.0974842767295598,NA,0.111111111111111,0.0138888888888889,0.488636363636364,44,0.511363636363636,0.888888888888889
"312","KNZ","Ulmus_sp.",NA,-1,NA,0,0.111111111111111,0.00833333333333336,0.454545454545455,41,0.545454545454545,0.888888888888889
"313","KNZ","Unknown_Seedling",NA,0.666666666666666,NA,0.0984160260889817,0.111111111111111,0.00277777777777778,0.204545454545455,22.5,0.795454545454545,0.888888888888889
"314","KNZ","Unknown_ericoides_small",NA,-1,NA,0,0.111111111111111,0.00277777777777778,0.204545454545455,22.5,0.795454545454545,0.888888888888889
"315","KNZ","Verbena_stricta",-0.199999999999999,0.0232558139534886,0.12268679245283,0.211039245159322,0.888888888888889,0.0805555555555555,0.647727272727273,58,0.352272727272727,0.111111111111111
"316","KNZ","Vernonia_baldwinii",1,1,0,0,0,0,0,9.5,1,1
"317","KNZ","blob_unknown",NA,1,NA,0,0,0,0,9.5,1,1
"318","KNZ","panicum_unknown",NA,1,NA,0,0,0,0,9.5,1,1
"319","KNZ","unk_rush_unknown",NA,-1,NA,0,0.111111111111111,0.00277777777777778,0.204545454545455,22.5,0.795454545454545,0.888888888888889
"320","SBK","Allionia_incarnata",-0.964783281733746,-0.522076144073768,0.000520587580968722,0.0423010792140857,0.833333333333333,0.262084367245658,0.817073170731707,68,0.182926829268293,0.166666666666667
"321","SBK","Amaranthus_blitoides",NA,-1,NA,0,0.0833333333333333,0.000124069478908189,0.292682926829268,26,0.707317073170732,0.916666666666667
"322","SBK","Aphanostephus_ramosissimus",NA,0.328,NA,0.398203158528001,0.0833333333333333,0.000124069478908189,0.329268292682927,28.5,0.670731707317073,0.916666666666667
"323","SBK","Aristida_adscensionis",NA,-0.351105414931112,NA,0.261164493023757,0.166666666666667,0.00622828784119105,0.51219512195122,43,0.48780487804878,0.833333333333333
"324","SBK","Aristida_purpurea",NA,-1,NA,0,0.0833333333333333,0.000248138957816378,0.365853658536585,31.5,0.634146341463415,0.916666666666667
"325","SBK","Astragalus_sp",0.366445916114791,0.832490563350189,0.0226457354683392,0.0149137464050049,0.833333333333333,0.0541687344913152,0.695121951219512,58,0.304878048780488,0.166666666666667
"326","SBK","Bouteloua_barbata",-1,0.403907254725598,0,0.0284889800760635,0.333333333333333,0.10136476426799,0.731707317073171,61,0.268292682926829,0.666666666666667
"327","SBK","Bouteloua_eriopoda",-0.568206807366684,-0.971834733000056,0.00078430384783054,5.89855433346926e-05,1,28.3514143920596,1,83,0,0
"328","SBK","Bouteloua_gracilis",-0.978021978021978,NA,0.000339636591812808,NA,0.0833333333333333,0.0446650124069478,0.682926829268293,57,0.317073170731707,0.916666666666667
"329","SBK","Chaetopappa_ericoides",-0.103896103896105,0.696555979790968,0.347823660271286,0.0377987723675269,0.666666666666667,0.0226302729528536,0.634146341463415,53,0.365853658536585,0.333333333333333
"330","SBK","Chamaesyce_albomarginata",1,0.0310559006211176,0,0.33871212984148,0.0833333333333333,0.00161290322580645,0.463414634146341,39,0.536585365853659,0.916666666666667
"331","SBK","Chamaesyce_lata",0.187945863057537,0.690957413376671,0.04509519833163,0.00961466195756808,1,0.33181141439206,0.865853658536585,72,0.134146341463415,0
"332","SBK","Chamaesyce_revoluta",NA,1,NA,0,0,0,0,10.5,1,1
"333","SBK","Chamaesyce_serpyllifolia",-0.579430319250621,-0.0241397114104296,0.0354414292414416,0.026245627698088,0.416666666666667,0.350124069478908,0.878048780487805,73,0.121951219512195,0.583333333333333
"334","SBK","Chamaesyce_serrula",-0.775765218388169,-0.0461861222444891,0.0112061083007163,0.0364792123997268,0.833333333333333,0.251017369727047,0.804878048780488,67,0.195121951219512,0.166666666666667
"335","SBK","Cryptantha_crassisepala",0.463663890991673,-0.0408788100384921,0.0210243283819159,0.0575398691854776,0.583333333333333,0.236228287841191,0.792682926829268,66,0.207317073170732,0.416666666666667
"336","SBK","Dalea_nana",NA,0.85554600171969,NA,0.028823936470982,0.0833333333333333,2.48138957816378e-05,0.25609756097561,22,0.74390243902439,0.916666666666667
"337","SBK","Dasyochloa_pulchella",-1,-0.133095122312198,0,0.121956487031695,0.333333333333333,0.0160794044665013,0.609756097560976,51,0.390243902439024,0.666666666666667
"338","SBK","Descurainia_pinnata",0.306439674315321,0.362300400788854,0.0737953717603093,0.054512989667208,0.583333333333333,0.200049627791563,0.768292682926829,64,0.231707317073171,0.416666666666667
"339","SBK","Dimorphocarpa_wislizeni",NA,1,NA,0,0,0,0,10.5,1,1
"340","SBK","Echinocereus_fendleri",1,NA,0,NA,0,0,0,10.5,1,1
"341","SBK","Ecinomastus_intertextus",1,NA,0,NA,0,0,0,10.5,1,1
"342","SBK","Enneapogon_desvauxii",-0.583333333333332,-0.248446623161708,0.196992044947201,0.283261833456324,0.25,0.00826302729528536,0.548780487804878,46,0.451219512195122,0.75
"343","SBK","Erigeron_divergens",NA,NA,NA,NA,0.0833333333333333,0.000124069478908189,0.329268292682927,28.5,0.670731707317073,0.916666666666667
"344","SBK","Eriogonum_abertianum",1,0.963455420507382,0,0.000811303813560752,0.416666666666667,0.0110669975186104,0.585365853658537,49,0.414634146341463,0.583333333333333
"345","SBK","Eriogonum_rotundifolium",1,0.554084855065265,0,0.0550071763939702,0.416666666666667,0.0796526054590572,0.707317073170732,59,0.292682926829268,0.583333333333333
"346","SBK","Escobaria_vivipara",1,NA,0,NA,0,0,0,10.5,1,1
"347","SBK","Euphorbia_exstipulata",-0.934835198064711,-0.736964157515244,0.00108573307599915,0.0115254797162109,0.75,0.513250620347395,0.926829268292683,77,0.073170731707317,0.25
"348","SBK","Evolvulus_nuttallianus",NA,-1,NA,0,0.0833333333333333,2.48138957816378e-05,0.24390243902439,21,0.75609756097561,0.916666666666667
"349","SBK","Gaillardia_pinnatifida",NA,0.596153846153846,NA,0.142049326031345,0.0833333333333333,0.000124069478908189,0.292682926829268,26,0.707317073170732,0.916666666666667
"350","SBK","Gutierrezia_sarothrae",-0.351799119855034,0.486761569194173,0.101022450346672,0.0478598234559369,1,0.660099255583127,0.939024390243902,78,0.0609756097560976,0
"351","SBK","Gutierrezia_sphaerocephala",NA,0.676767676767677,NA,0.0635461980072622,0.333333333333333,0.0221588089330025,0.621951219512195,52,0.378048780487805,0.666666666666667
"352","SBK","Hoffmannseggia_drepanocarpa",-0.380697050938338,-0.206252546261552,0.0151482807253034,0.0350754227255161,1,0.31833746898263,0.841463414634146,70,0.158536585365854,0
"353","SBK","Hoffmannseggia_glauca",NA,-1,NA,0,0.166666666666667,0.000372208436724565,0.390243902439024,33,0.609756097560976,0.833333333333333
"354","SBK","Hymenopappus_filifolius",1,1,0,0,0,0,0,10.5,1,1
"355","SBK","Ipomopsis_pumila",0.914209115281501,-0.159687068568799,0.00410371505330915,0.161695288125245,0.416666666666667,0.0116625310173697,0.597560975609756,50,0.402439024390244,0.583333333333333
"356","SBK","Kallstroemia_hirsutissima",NA,-0.925859758820902,NA,0.00703093649939251,0.0833333333333333,0.0095533498759305,0.560975609756098,47,0.439024390243902,0.916666666666667
"357","SBK","Kallstroemia_parviflora",-0.402675114396339,0.0895402792230031,0.0165690315822681,0.0265996390361233,0.666666666666667,4.10342431761786,0.98780487804878,82,0.0121951219512195,0.333333333333333
"358","SBK","Krascheninnikovia_lanata",-1,-1,0,0,0.75,0.153523573200993,0.75609756097561,63,0.24390243902439,0.25
"359","SBK","Lappula_occidentalis",1,0.907202828104286,0,0.0107944067198937,0.333333333333333,0.0108436724565757,0.573170731707317,48,0.426829268292683,0.666666666666667
"360","SBK","Larrea_tridentata",NA,1,NA,0,0,0,0,10.5,1,1
"361","SBK","Lepidium_densiflorum",1,NA,0,NA,0,0,0,10.5,1,1
"362","SBK","Lesquerella_fendleri",-0.824686940966011,1,0.0225239378703997,0,0.5,0.0332754342431761,0.658536585365854,55,0.341463414634146,0.5
"363","SBK","Linum_puberulum",-0.364102564102564,0.663326653306613,0.0617909867138172,0.156798740569836,0.75,0.0345657568238213,0.670731707317073,56,0.329268292682927,0.25
"364","SBK","Lithospermum_incisum",NA,NA,NA,NA,0,0,0,10.5,1,1
"365","SBK","Lotus_plebeius",1,NA,0,NA,0,0,0,10.5,1,1
"366","SBK","Lycurus_phleoides",NA,-1,NA,0,0.0833333333333333,0.00124069478908188,0.451219512195122,38,0.548780487804878,0.916666666666667
"367","SBK","Machaeranthera_canescens",1,1,0,0,0.0833333333333333,0.000124069478908189,0.292682926829268,26,0.707317073170732,0.916666666666667
"368","SBK","Machaeranthera_gracilis",1,NA,0,NA,0,0,0,10.5,1,1
"369","SBK","Machaeranthera_pinnatifida",-0.580110497237568,-0.186068313036838,0.0880681070357341,0.0541571690682998,0.833333333333333,0.291761786600496,0.829268292682927,69,0.170731707317073,0.166666666666667
"370","SBK","Machaeranthera_tanacetifolia",1,1,0,0,0.166666666666667,0.00712158808933001,0.536585365853659,45,0.463414634146341,0.833333333333333
"371","SBK","Melampodium_leucanthum",NA,NA,NA,NA,0.0833333333333333,2.48138957816378e-05,0.268292682926829,23,0.731707317073171,0.916666666666667
"372","SBK","Muhlenbergia_arenacea",NA,-1,NA,0,0.0833333333333333,0.00248138957816376,0.48780487804878,41,0.51219512195122,0.916666666666667
"373","SBK","Muhlenbergia_arenicola",-0.867204791042833,-1,0.00259106531323317,0,1,0.382903225806452,0.890243902439024,74,0.109756097560976,0
"374","SBK","Munroa_squarrosa",-1,-0.912511858332455,0,0.00957658797953061,0.333333333333333,0.0035483870967742,0.5,42,0.5,0.666666666666667
"375","SBK","NA",NA,-1,NA,0,0.0833333333333333,9.92555831265514e-05,0.280487804878049,24,0.719512195121951,0.916666666666667
"376","SBK","Nama_hispidum",0.200000000000001,1,0.357755974842768,0,0.0833333333333333,0.000248138957816378,0.365853658536585,31.5,0.634146341463415,0.916666666666667
"377","SBK","Oenothera_caespitosa",0.380566801619433,0.127447063523772,0.0416094016909745,0.147989813245274,0.583333333333333,0.00660049627791562,0.524390243902439,44,0.475609756097561,0.416666666666667
"378","SBK","Opuntia_macrocenta",NA,0.310839913854989,NA,0.103396958329545,0.416666666666667,0.459057071960296,0.902439024390244,75,0.0975609756097561,0.583333333333333
"379","SBK","Opuntia_phaeacantha",NA,NA,NA,NA,0.0833333333333333,0.00062034739454094,0.426829268292683,36,0.573170731707317,0.916666666666667
"380","SBK","Panicum_hirticaule",NA,1,NA,0,0,0,0,10.5,1,1
"381","SBK","Phacelia_crenulata",0.675916290900682,0.156216231529785,0.00613265852605522,0.0347738059132543,0.416666666666667,0.492779156327543,0.914634146341463,76,0.0853658536585366,0.583333333333333
"382","SBK","Phemeranthus_longipes",NA,1,NA,0,0,0,0,10.5,1,1
"383","SBK","Plantago_patagonica",0.123970572087405,-0.14909187887535,0.013360779845971,0.04633707844159,0.75,0.99863523573201,0.951219512195122,79,0.0487804878048781,0.25
"384","SBK","Pleuraphis_jamesii",0.422222222222221,-1,0.223333674959114,0,0.666666666666667,0.0287841191066999,0.646341463414634,54,0.353658536585366,0.333333333333333
"385","SBK","Portulaca_oleracea",NA,-1,NA,0,0.25,0.00168734491315136,0.475609756097561,40,0.524390243902439,0.75
"386","SBK","Psilostrophe_tagetina",NA,NA,NA,NA,0,0,0,10.5,1,1
"387","SBK","Salsola_tragus",0.9892578125,0.290586402848271,0.000158784107429435,0.00525577538005608,0.75,1.8082382133995,0.975609756097561,81,0.024390243902439,0.25
"388","SBK","Sclerocactus_papyracanthus",1,NA,0,NA,0,0,0,10.5,1,1
"389","SBK","Scleropogon_brevifolius",-0.373311563010243,-0.916017403622382,0.0725597999093459,0.00230891472440833,1,0.326724565756824,0.853658536585366,71,0.146341463414634,0
"390","SBK","Selinocarpus_diffusus",NA,1,NA,0,0,0,0,10.5,1,1
"391","SBK","Senecio_flaccidus",NA,1,NA,0,0,0,0,10.5,1,1
"392","SBK","Solanum_elaeagnifolium",-1,0.634994206257242,0,0.129599238822887,0.833333333333333,0.0918114143920595,0.719512195121951,60,0.280487804878049,0.166666666666667
"393","SBK","Sphaeralcea_NA",NA,1,NA,0,0,0,0,10.5,1,1
"394","SBK","Sphaeralcea_hastulata",NA,NA,NA,NA,0,0,0,10.5,1,1
"395","SBK","Sphaeralcea_polychroma",-0.515893470790378,0.566093912544391,0.0228511890018283,0.0529550453432483,0.833333333333333,0.115980148883375,0.74390243902439,62,0.25609756097561,0.166666666666667
"396","SBK","Sphaeralcea_wrightii",1,NA,0,NA,0,0,0,10.5,1,1
"397","SBK","Sporobolus_sp",-0.924864639733444,-0.485366477999943,0.000799896230702218,0.0260273981180356,1,1.12344913151365,0.963414634146341,80,0.0365853658536586,0
"398","SBK","Stephanomeria_pauciflora",1,NA,0,NA,0.0833333333333333,0.000620347394540939,0.414634146341463,35,0.585365853658537,0.916666666666667
"399","SBK","Tidestromia_lanuginosa",-0.98662455879621,0.024061828611728,0.000108405390663686,0.030809525997767,0.833333333333333,0.22848635235732,0.780487804878049,65,0.219512195121951,0.166666666666667
"400","SBK","Townsendia_annua",1,1,0,0,0.0833333333333333,0.000148883374689826,0.353658536585366,30,0.646341463414634,0.916666666666667
"401","SBK","Tragus_racemosus",NA,-1,NA,0,0.0833333333333333,0.000744416873449129,0.439024390243902,37,0.560975609756098,0.916666666666667
"402","SBK","Zinnia_grandiflora",0.844036697247706,1,0.0172544176067197,0,0.0833333333333333,0.000421836228287841,0.402439024390244,34,0.597560975609756,0.916666666666667
"403","SBL","Allionia_incarnata",0.596320899335719,0.998559492941515,0.124116507983134,2.7682690973306e-06,0.333333333333333,0.047625,0.78125,76,0.21875,0.666666666666667
"404","SBL","Allium_macropetalum",-0.0857142857142857,-0.155555555555556,0.0476061822598374,0.101397670546517,0.583333333333333,0.0255,0.666666666666667,65,0.333333333333333,0.416666666666667
"405","SBL","Amaranthus_albus",1,NA,0,NA,0,0,0,12.5,1,1
"406","SBL","Amaranthus_palmeri",1,1,0,0,0,0,0,12.5,1,1
"407","SBL","Amaranthus_powellii",NA,1,NA,0,0,0,0,12.5,1,1
"408","SBL","Aristida_adscensionis",0.736786094359702,0.959446564885496,0.0113104704012258,0.000866105515667394,0.5,0.0542500000000002,0.791666666666667,77,0.208333333333333,0.5
"409","SBL","Aristida_purpurea",-0.777777777777778,0.885714285714286,0.0414996989495239,0.00531923512882289,0.75,0.024375,0.65625,64,0.34375,0.25
"410","SBL","Astragalus_sp",0.152384972562263,0.545602605863192,0.0581003729335463,0.0256270556273837,1,0.0546749999999999,0.802083333333333,78,0.197916666666667,0
"411","SBL","Atriplex_canescens",NA,NA,NA,NA,0.0833333333333333,0.000375,0.364583333333333,36.5,0.635416666666667,0.916666666666667
"412","SBL","Bahia_absinthifolia",NA,1,NA,0,0,0,0,12.5,1,1
"413","SBL","Bahia_dissecta",NA,0.923664122137404,NA,0.00749095642694375,0.166666666666667,0.000375,0.364583333333333,36.5,0.635416666666667,0.833333333333333
"414","SBL","Boerhavia_spicata",NA,NA,NA,NA,0,0,0,12.5,1,1
"415","SBL","Bouteloua_barbata",0.602941176470588,0.868122810632599,0.0718561326720057,0.00358391873754931,0.5,0.01225,0.604166666666667,59,0.395833333333333,0.5
"416","SBL","Bouteloua_eriopoda",-0.438807501924292,-0.575186567164179,0.0026986359249947,0.00602315154517098,1,6.57255,0.989583333333333,96,0.0104166666666666,0
"417","SBL","Bouteloua_gracilis",-0.493073107833872,-0.506029417412343,0.00178572390935619,0.00198334844314049,1,17.505425,1,97,0,0
"418","SBL","Chaetopappa_ericoides",1,0.463414634146341,0,0.187536800605285,0.166666666666667,0.000275,0.354166666666667,35,0.645833333333333,0.833333333333333
"419","SBL","Chamaesaracha_coronopus",1,1,0,0,0,0,0,12.5,1,1
"420","SBL","Chamaesyce_albomarginata",0.0962216347213038,0.321954179942346,0.0158197095097412,0.0182386651185897,0.833333333333333,1.210475,0.947916666666667,92,0.0520833333333334,0.166666666666667
"421","SBL","Chamaesyce_fendleri",NA,0.241379310344827,NA,0.223688821551805,0.0833333333333333,0.005225,0.53125,52,0.46875,0.916666666666667
"422","SBL","Chamaesyce_lata",1,1,0,0,0,0,0,12.5,1,1
"423","SBL","Chamaesyce_revoluta",NA,NA,NA,NA,0.0833333333333333,0.0303249999999999,0.6875,67,0.3125,0.916666666666667
"424","SBL","Chamaesyce_serpyllifolia",0.457514979064011,0.384840141596898,0.00748081280942414,0.0223853088598371,0.916666666666667,2.38025,0.979166666666667,95,0.0208333333333334,0.0833333333333334
"425","SBL","Chamaesyce_serrula",0.498110355253212,0.352630114110771,0.119596801959088,0.035762214310242,0.5,0.0838250000000003,0.84375,82,0.15625,0.5
"426","SBL","Chenopodium_incanum",1,1,0,0,0.0833333333333333,0.000125,0.25,26,0.75,0.916666666666667
"427","SBL","Cryptantha_crassisepala",0.976110101272397,0.244582043343653,0.000301871884184552,0.0557765932533661,0.5,0.010125,0.583333333333333,57,0.416666666666667,0.5
"428","SBL","Cylindropuntia_imbricata",NA,NA,NA,NA,0.166666666666667,0.000375,0.385416666666667,38,0.614583333333333,0.833333333333333
"429","SBL","Cymopterus_acaulis",0.570945945945946,-0.671232876712329,0.0463626019554428,0.0492408319465359,0.416666666666667,0.02875,0.677083333333333,66,0.322916666666667,0.583333333333333
"430","SBL","Dasyochloa_pulchella",0.727616953707097,0.97051597051597,0.00988444821390255,0.000713251073241373,0.833333333333333,0.03455,0.708333333333333,69,0.291666666666667,0.166666666666667
"431","SBL","Delphinium_wootonii",-1,-1,0,0,0.333333333333333,0.00545,0.552083333333333,54,0.447916666666667,0.666666666666667
"432","SBL","Descurainia_pinnata",0.575000000000001,-0.345924453280318,0.117530462608098,0.199884468367046,0.333333333333333,0.038525,0.75,73,0.25,0.666666666666667
"433","SBL","Echinocereus_fendleri",1,1,0,0,0.0833333333333333,0.0015,0.489583333333333,48,0.510416666666667,0.916666666666667
"434","SBL","Ecinomastus_intertextus",-0.058171257590425,-0.441310282074613,0.00571632808583786,0.0132150567049942,1,0.554449999999999,0.9375,91,0.0625,0
"435","SBL","Enneapogon_desvauxii",1,1,0,0,0,0,0,12.5,1,1
"436","SBL","Eriastrum_diffusum",NA,-0.62454699202706,NA,0.031655275113847,0.25,0.178599999999999,0.90625,88,0.09375,0.75
"437","SBL","Erigeron_divergens",NA,NA,NA,NA,0,0,0,12.5,1,1
"438","SBL","Eriogonum_abertianum",1,1,0,0,0.0833333333333333,2e-04,0.302083333333333,30,0.697916666666667,0.916666666666667
"439","SBL","Escobaria_vivipara",-0.0454545454545453,-0.861538461538461,0.0723445355057455,0.0080182417468452,0.833333333333333,0.023875,0.645833333333333,63,0.354166666666667,0.166666666666667
"440","SBL","Euphorbia_exstipulata",0.456740442655936,0.577883472057075,0.0669315302922526,0.0127987580899274,0.583333333333333,0.055125,0.8125,79,0.1875,0.416666666666667
"441","SBL","Evolvulus_nuttallianus",NA,-1,NA,0,0.0833333333333333,0.000125,0.25,26,0.75,0.916666666666667
"442","SBL","Gaillardia_pinnatifida",NA,1,NA,0,0,0,0,12.5,1,1
"443","SBL","Gaura_coccinea",-0.126647144948755,-0.00047551117451276,0.0316212541333444,0.0603746122152079,1,0.15555,0.885416666666667,86,0.114583333333333,0
"444","SBL","Gaura_suffulta",NA,0.923076923076923,NA,0.00563540783806627,0.166666666666667,0.00015,0.291666666666667,29,0.708333333333333,0.833333333333333
"445","SBL","Gilia_mexicana",NA,0.547596606974553,NA,0.0270943018799214,0.25,0.1207,0.875,85,0.125,0.75
"446","SBL","Glandularia_bipinnatifida",0.189873417721519,0.411764705882353,0.0495677326923737,0.296325080980922,0.5,0.00900000000000002,0.572916666666667,56,0.427083333333333,0.5
"447","SBL","Grusonia_clavata",1,0.997840172786177,0,5.81571009210153e-06,0.0833333333333333,0.000125,0.28125,28,0.71875,0.916666666666667
"448","SBL","Gutierrezia_sarothrae",-0.524663677130046,1,0.135054425579319,0,0.583333333333333,0.0712500000000005,0.822916666666667,80,0.177083333333333,0.416666666666667
"449","SBL","Gutierrezia_sphaerocephala",NA,-1,NA,0,0.0833333333333333,0.00025,0.3125,32.5,0.6875,0.916666666666667
"450","SBL","Heterosperma_pinnatum",NA,1,NA,0,0,0,0,12.5,1,1
"451","SBL","Hymenopappus_filifolius",0.993929583164711,0.909502262443439,1.0907470167756e-05,0.00522128468960764,0.416666666666667,0.0035,0.510416666666667,50,0.489583333333333,0.583333333333333
"452","SBL","Ipomoea_costellata",NA,1,NA,0,0,0,0,12.5,1,1
"453","SBL","Ipomopsis_pumila",-0.851951547779273,NA,0.0109376323804759,NA,0.0833333333333333,0.0172000000000001,0.635416666666667,62,0.364583333333333,0.916666666666667
"454","SBL","Kallstroemia_hirsutissima",NA,0.404170804369414,NA,0.33777057314588,0.0833333333333333,0.0375000000000002,0.739583333333333,72,0.260416666666667,0.916666666666667
"455","SBL","Kallstroemia_parviflora",0.597585513078471,0.956196581196581,0.0803857021596727,0.000614411086131138,0.5,0.0420500000000001,0.760416666666667,74,0.239583333333333,0.5
"456","SBL","Krascheninnikovia_lanata",NA,-1,NA,0,0.25,0.00500000000000004,0.520833333333333,51,0.479166666666667,0.75
"457","SBL","Lappula_occidentalis",NA,0.555555555555556,NA,0.238987959152568,0.0833333333333333,0.00025,0.3125,32.5,0.6875,0.916666666666667
"458","SBL","Lepidium_densiflorum",0.293293051359517,0.503083700440529,0.0582312084947319,0.0391852006449069,0.583333333333333,0.247425,0.916666666666667,89,0.0833333333333334,0.416666666666667
"459","SBL","Linum_puberulum",-1,-0.647058823529412,0,0.0717727475194217,0.25,0.000599999999999998,0.416666666666667,41,0.583333333333333,0.75
"460","SBL","Lithospermum_incisum",-1,NA,0,NA,0.166666666666667,0.000875000000000003,0.447916666666667,44,0.552083333333333,0.833333333333333
"461","SBL","Lotus_plebeius",0.127655350406988,0.68235294117647,0.0405904023894463,0.123693739202102,0.583333333333333,0.0946499999999999,0.864583333333333,84,0.135416666666667,0.416666666666667
"462","SBL","Lycurus_phleoides",NA,1,NA,0,0,0,0,12.5,1,1
"463","SBL","Machaeranthera_gracilis",NA,-1,NA,0,0.25,0.001325,0.479166666666667,47,0.520833333333333,0.75
"464","SBL","Machaeranthera_pinnatifida",0.666770476487075,0.44421906693712,0.0349409511471201,0.185392627418977,0.583333333333333,0.0370500000000001,0.729166666666667,71,0.270833333333333,0.416666666666667
"465","SBL","Machaeranthera_tanacetifolia",NA,NA,NA,NA,0,0,0,12.5,1,1
"466","SBL","Malacothrix_fendleri",0.950078003120125,0.0666666666666667,0.00130390926711937,0.123027223003594,0.333333333333333,0.011375,0.59375,58,0.40625,0.666666666666667
"467","SBL","Melampodium_leucanthum",0.629629629629629,NA,0.166998190833208,NA,0.0833333333333333,0.000625000000000004,0.427083333333333,42,0.572916666666667,0.916666666666667
"468","SBL","Mentzelia_albicaulis",NA,1,NA,0,0,0,0,12.5,1,1
"469","SBL","Mirabilis_linearis",1,1,0,0,0.0833333333333333,0.00125000000000001,0.458333333333333,45,0.541666666666667,0.916666666666667
"470","SBL","Muhlenbergia_arenacea",NA,-1,NA,0,0.0833333333333333,0.00125000000000001,0.46875,46,0.53125,0.916666666666667
"471","SBL","Muhlenbergia_arenicola",-0.184534270650262,-0.829268292682927,0.103551373006486,0.0369170744142638,0.833333333333333,0.0917499999999997,0.854166666666667,83,0.145833333333333,0.166666666666667
"472","SBL","Munroa_squarrosa",NA,0.466666666666667,NA,0.195838599781216,0.0833333333333333,5e-04,0.40625,40,0.59375,0.916666666666667
"473","SBL","Nama_dichotomum",NA,1,NA,0,0,0,0,12.5,1,1
"474","SBL","Nama_hispidum",NA,NA,NA,NA,0.0833333333333333,0.00025,0.3125,32.5,0.6875,0.916666666666667
"475","SBL","Oenothera_caespitosa",0.0576070901033964,0.140229885057471,0.0675391763076589,0.0972771359653206,0.5,0.015525,0.614583333333333,60,0.385416666666667,0.5
"476","SBL","Panicum_hirticaule",NA,0.25,NA,0.439453124999998,0.0833333333333333,0.000375000000000001,0.395833333333333,39,0.604166666666667,0.916666666666667
"477","SBL","Pectis_angustifolia",NA,1,NA,0,0,0,0,12.5,1,1
"478","SBL","Phacelia_crenulata",0.770011273957159,-1,0.01444860485929,0,0.25,0.0352999999999999,0.71875,70,0.28125,0.75
"479","SBL","Phemeranthus_longipes",NA,1,NA,0,0,0,0,12.5,1,1
"480","SBL","Plantago_patagonica",0.668467276669239,0.0884394209795756,0.00620545684795194,0.0308015768519768,0.583333333333333,1.624,0.96875,94,0.03125,0.416666666666667
"481","SBL","Pleuraphis_jamesii",NA,-0.666666666666667,NA,0.154320987654321,0.166666666666667,0.000875000000000002,0.4375,43,0.5625,0.833333333333333
"482","SBL","Portulaca_halimoides",NA,1,NA,0,0,0,0,12.5,1,1
"483","SBL","Portulaca_oleracea",1,1,0,0,0,0,0,12.5,1,1
"484","SBL","Psilostrophe_tagetina",NA,NA,NA,NA,0.0833333333333333,0.000125,0.25,26,0.75,0.916666666666667
"485","SBL","Salsola_tragus",0.584367697815508,0.546341774574217,0.0169311689847954,0.0324513132291061,0.833333333333333,0.378275,0.927083333333333,90,0.0729166666666666,0.166666666666667
"486","SBL","Schkuhria_multiflora",NA,1,NA,0,0,0,0,12.5,1,1
"487","SBL","Scleropogon_brevifolius",1,1,0,0,0,0,0,12.5,1,1
"488","SBL","Selinocarpus_diffusus",NA,0.764705882352941,NA,0.0807740462150123,0.0833333333333333,0.00025,0.3125,32.5,0.6875,0.916666666666667
"489","SBL","Senecio_flaccidus",-1,NA,0,NA,0.25,0.016375,0.625,61,0.375,0.75
"490","SBL","Senna_bauhinioides",0.492260061919505,0.991379310344828,0.0581098638520671,4.31144371167014e-05,0.666666666666667,0.00789999999999999,0.5625,55,0.4375,0.333333333333333
"491","SBL","Solanum_elaeagnifolium",-1,-0.714285714285715,0,0.0854590006156599,0.416666666666667,0.00275000000000001,0.5,49,0.5,0.583333333333333
"492","SBL","Sphaeralcea_hastulata",0.371695178849146,0.806133493686109,0.061370886678481,0.0101024783039838,0.833333333333333,0.0745499999999998,0.833333333333333,81,0.166666666666667,0.166666666666667
"493","SBL","Sphaeralcea_polychroma",0.65744920993228,0.53125,0.0243816779799944,0.0838176466888373,0.5,0.0459999999999999,0.770833333333333,75,0.229166666666667,0.5
"494","SBL","Sporobolus_sp",-0.157554406673682,0.917676965193586,0.0120329432321419,0.000859109006873151,1,1.31965,0.958333333333333,93,0.0416666666666666,0
"495","SBL","Stephanomeria_pauciflora",0.191728005608133,-0.868597668668315,0.0700187282989083,0.0168844557581913,0.833333333333333,0.16845,0.895833333333333,87,0.104166666666667,0.166666666666667
"496","SBL","Townsendia_annua",1,NA,0,NA,0,0,0,12.5,1,1
"497","SBL","Tragus_racemosus",-0.142857142857143,0.941176470588235,0.263724263504231,0.00425153440527891,0.25,0.005425,0.541666666666667,53,0.458333333333333,0.75
"498","SBL","Yucca_glauca",1,NA,0,NA,0,0,0,12.5,1,1
"499","SBL","Zinnia_grandiflora",0.019367991845056,0.273356401384082,0.0865917396021164,0.084747443285029,1,0.032425,0.697916666666667,68,0.302083333333333,0
"500","SGS","Aristida_purpurea",-0.488372093023256,-0.565217391304347,0.0559330448556481,0.0995109229201736,0.9,0.1475,0.603174603174603,39,0.396825396825397,0.1
"501","SGS","Artemesia_frigida",-0.339087546239211,-0.177816901408451,0.00489271830245892,0.00812829128601652,1,4.40000000000001,0.888888888888889,57,0.111111111111111,0
"502","SGS","Astragalus_mollissimus",1,0.11111111111111,0,0.0663106553785372,0.1,0.03,0.365079365079365,24,0.634920634920635,0.9
"503","SGS","Astragalus_shortianus",-0.499999999999999,-0.333333333333333,0.186910377358491,0.295799987592283,0.3,0.0125,0.285714285714286,19,0.714285714285714,0.7
"504","SGS","Astragalus_sp",0.139240506329114,0.91304347826087,0.0486046542528574,0.0103312076407208,0.5,0.0725000000000002,0.523809523809524,34,0.476190476190476,0.5
"505","SGS","Bouteloua_dactyloides",0.366459627329192,-0.186440677966102,0.0300078668549079,0.0308745933182005,1,0.235,0.698412698412698,45,0.301587301587302,0
"506","SGS","Bouteloua_gracilis",-0.353307623850489,-0.336627140974967,0.00119971474634264,0.00411851239621508,1,26.9424999999999,1,64,0,0
"507","SGS","Bouteloua_hirsuta",1,1,0,0,0.1,0.0550000000000002,0.507936507936508,33,0.492063492063492,0.9
"508","SGS","Bromus_tectorum",0.230769230769231,0.375025799793604,0.128033851852782,0.00854586603222433,0.7,3.8475,0.873015873015873,56,0.126984126984127,0.3
"509","SGS","Carex_eleocharis",-0.202670481640439,-0.16081718177056,0.00415085577369526,0.00394350604467603,1,6.2175,0.936507936507937,60,0.0634920634920635,0
"510","SGS","Chenopodium_sp.",0.398058252427185,0.117493472584856,0.0167969944926676,0.0253024533895541,0.7,0.6275,0.793650793650794,51,0.206349206349206,0.3
"511","SGS","Cirsium_undulatum",0.481481481481482,1,0.034196806241258,0,0.3,0.0175,0.301587301587302,20,0.698412698412698,0.7
"512","SGS","Conyza_canadensis",-0.832402234636872,0.214285714285715,0.00431634972094377,0.0229032631922629,0.7,0.467499999999999,0.761904761904762,49,0.238095238095238,0.3
"513","SGS","Cryptantha_minima",0.591836734693878,0.623003194888179,0.0674195216428393,0.0280165281482005,0.7,0.2125,0.666666666666667,43,0.333333333333333,0.3
"514","SGS","Draba_reptans",-1,NA,0,NA,0.1,0.0025,0.0634920634920635,5,0.936507936507937,0.9
"515","SGS","Echinocereus_Escobaria",0.232876712328767,0.241379310344828,0.0115947300083452,0.0151217360326583,1,0.155,0.619047619047619,40,0.380952380952381,0
"516","SGS","Elymus_elymoides",-0.100062932662051,-0.0317483540599847,0.00215556334982943,0.00175502478500094,1,13.215,0.984126984126984,63,0.0158730158730159,0
"517","SGS","Ericameria_nauseosa",0.0499999999999998,0.9,0.0522358294025157,0.00701984924623108,0.6,0.0550000000000001,0.492063492063492,32,0.507936507936508,0.4
"518","SGS","Euphorbia_sp.",-0.377049180327869,-0.833333333333333,0.0259669956546345,0.0257440753148459,0.7,0.1875,0.634920634920635,41,0.365079365079365,0.3
"519","SGS","Evolvulus_nuttalliana",NA,NA,NA,NA,0,0,0,2.5,1,1
"520","SGS","Gutierrezia_sarothrae",-6.93889390390721e-17,NA,0.499999999999995,NA,0.1,0.00250000000000001,0.158730158730159,11,0.841269841269841,0.9
"521","SGS","Hesperostipa_comata",-1,-0.463414634146341,0,0.101858273108869,0.5,0.0849999999999994,0.53968253968254,35,0.46031746031746,0.5
"522","SGS","Heterotheca_villosa",0.00751879699248124,0.686746987951808,0.0306639855744166,0.0200104913447748,0.5,0.1975,0.650793650793651,42,0.349206349206349,0.5
"523","SGS","Ipomopsis_laxiflora",0.352564102564104,0.399999999999999,0.0239792344014278,0.0243075376884422,0.6,0.397500000000001,0.746031746031746,48,0.253968253968254,0.4
"524","SGS","Kochia_scoparia",-1,NA,0,NA,0.2,0.0200000000000001,0.317460317460317,21,0.682539682539683,0.8
"525","SGS","Lactuca_serriola",0.105263157894738,1,0.0761407524014599,0,0.3,0.0424999999999999,0.46031746031746,30,0.53968253968254,0.7
"526","SGS","Lappula_redowskii",NA,1,NA,0,0,0,0,2.5,1,1
"527","SGS","Lepidium_densiflorum",-0.182320441988951,2.46716227694479e-16,0.00739417954624567,0.0200419105127834,0.8,0.957500000000001,0.841269841269841,54,0.158730158730159,0.2
"528","SGS","Leucocrinum_montanum",-1,-0.666666666666667,0,0.0876295055524539,0.7,0.0349999999999999,0.412698412698413,27,0.587301587301587,0.3
"529","SGS","Lithospermum_incisum",-0.8,-1,0.03742893081761,0,0.6,0.03,0.380952380952381,25,0.619047619047619,0.4
"530","SGS","Lygodesmia_juncea",0.666666666666666,-0.279999999999999,0.092204363692833,0.160635651859297,0.4,0.0424999999999997,0.444444444444444,29,0.555555555555556,0.6
"531","SGS","Machaeranthera_pinnatifida",-1,-1,0,0,0.5,0.0325,0.396825396825397,26,0.603174603174603,0.5
"532","SGS","Machaeranthera_tanacetifolia",-0.854545454545454,-0.444444444444444,0.00361894543581629,0.0303586979249241,0.6,0.825000000000001,0.80952380952381,52,0.19047619047619,0.4
"533","SGS","Mirabilis_linearis",-0.128205128205129,-0.703703703703704,0.0790776963430925,0.0355938290431159,0.9,0.1275,0.587301587301587,38,0.412698412698413,0.1
"534","SGS","Muhlenbergia_torreyi",-1,-1,0,0,0.7,0.222500000000002,0.682539682539683,44,0.317460317460317,0.3
"535","SGS","Oenothera_sp",0.0413223140495877,0.0434782608695646,0.0295274793581437,0.0254073515487451,0.8,0.35,0.73015873015873,47,0.26984126984127,0.2
"536","SGS","Opuntia_polycantha",-0.2734375,-0.360443622920518,0.00793815372546889,0.00510100064137131,1,4.89,0.904761904761905,58,0.0952380952380952,0
"537","SGS","Orobanche_sp.",NA,-1,NA,0,0.1,0.00250000000000001,0.126984126984127,9.5,0.873015873015873,0.9
"538","SGS","Oxytropis_sericea",-1,NA,0,NA,0.1,0.0125,0.26984126984127,18,0.73015873015873,0.9
"539","SGS","Pascopyrum_smithii",-0.4,-0.269230769230772,0.251366037735851,0.0941731114080242,0.4,0.11,0.571428571428571,37,0.428571428571429,0.6
"540","SGS","Penstemon_angustifolius",1,NA,0,NA,0,0,0,2.5,1,1
"541","SGS","Picradeniopsis_oppositifolia",NA,-1,NA,0,0.1,0.00250000000000002,0.19047619047619,13,0.80952380952381,0.9
"542","SGS","Plantago_patagonica",-0.311392405063291,-0.35677821894498,0.00695130269525982,0.00890699360943123,0.8,8.8475,0.952380952380952,61,0.0476190476190477,0.2
"543","SGS","Psoralea_tenuiflora",2.08166817117216e-16,NA,0.499999999999997,NA,0.1,0.00250000000000001,0.0952380952380952,7,0.904761904761905,0.9
"544","SGS","Salsola_tragus",0.493975903614457,-0.163636363636364,0.0197039053309734,0.0602811514028033,0.8,0.869999999999998,0.825396825396825,53,0.174603174603175,0.2
"545","SGS","Scorzonera_laciniata",0,NA,0.499999999999996,NA,0.1,0.0025,0.0793650793650794,6,0.920634920634921,0.9
"546","SGS","Sisymbrium_altissimum",0.873817034700315,0.770419426048566,0.00342693376212049,0.00389328880665818,0.7,0.309999999999999,0.714285714285714,46,0.285714285714286,0.3
"547","SGS","Solanum_triflorum",1,-1,0,0,0.1,0.00250000000000003,0.206349206349206,14,0.793650793650794,0.9
"548","SGS","Sphaeralcea_coccinea",0.103244837758112,-0.179460580912863,0.00167330353678109,0.00344633576521005,1,5.4775,0.920634920634921,59,0.0793650793650794,0
"549","SGS","Sporobolus_cryptandrus",-0.499999999999999,NA,0.139740566037736,NA,0.4,0.025,0.333333333333333,22,0.666666666666667,0.6
"550","SGS","Stephanomeria_runcinata",-0.771428571428571,0,0.0234053924072517,0.500000000000004,0.6,0.0874999999999998,0.555555555555556,36,0.444444444444444,0.4
"551","SGS","Talinum_parviflorum",-1,NA,0,NA,0.5,0.0474999999999999,0.476190476190476,31,0.523809523809524,0.5
"552","SGS","Taraxacum_officinale",-1,-1,0,0,0.4,0.0275,0.349206349206349,23,0.650793650793651,0.6
"553","SGS","Theleperma_filifolium",-0.728155339805826,3.08395284618099e-16,0.0173907219949792,0.0335473664619392,0.8,1.125,0.857142857142857,55,0.142857142857143,0.2
"554","SGS","Tradescantia_occidentalis",NA,0.333333333333333,NA,0.395061728395065,0.1,0.00250000000000001,0.111111111111111,8,0.888888888888889,0.9
"555","SGS","Tragopogon_dubius",0.138121546961326,0.204081632653061,0.00896700493627269,0.0127539079329937,0.9,0.587500000000001,0.777777777777778,50,0.222222222222222,0.1
"556","SGS","UNKFSGS2",NA,1,NA,0,0.1,0.00250000000000002,0.174603174603175,12,0.825396825396825,0.9
"557","SGS","UNKFSGS3",1,-1,0,0,0.1,0.00250000000000001,0.126984126984127,9.5,0.873015873015873,0.9
"558","SGS","Unknown_grass",NA,-1,NA,0,0.1,0.00500000000000002,0.222222222222222,15,0.777777777777778,0.9
"559","SGS","Unknown_milky_waxy",NA,0,NA,0.374371859296484,0.1,0.00500000000000003,0.238095238095238,16,0.761904761904762,0.9
"560","SGS","Vulpia_octoflora",0.181900687151562,0.470240607851414,0.00402225465809466,0.00174770353385697,0.9,11.075,0.968253968253968,62,0.0317460317460317,0.1
"561","SGS","unk_Alien",NA,1,NA,0,0,0,0,2.5,1,1
"562","SGS","unk_Lepidium_like_forb",NA,1.85037170770859e-16,NA,0.0309882747068676,0.1,0.0375000000000002,0.428571428571429,28,0.571428571428571,0.9
"563","SGS","unk_Red_edged_forb",NA,-0.5,NA,0.187028894472362,0.1,0.00750000000000003,0.253968253968254,17,0.746031746031746,0.9
