Species,Spcode,Genus_species,Functional.group,Ps.pathway ,origin,duration,notes
Achille amillefolium,2,Achillea_millefolium,forb,unknown,native,perennial ,
Achillea_millefolium,2,Achillea_millefolium,forb,unknown,native,perennial ,
Achilleamillefolium,2,Achillea_millefolium,forb,unknown,native,perennial ,
ACMI,2,Achillea_millefolium,forb,unknown,native,perennial ,
Allium textile,3,Allium_textile,forb,unknown,native,perennial ,
Allium_textile,3,Allium_textile,forb,unknown,native,perennial ,
Alliumtextile,3,Allium_textile,forb,unknown,native,perennial ,
Amaranthus.sp.,4,Amaranthus_sp.,forb,unknown,unknown,unknown,
Ambrosia psilostachya,5,Ambrosia_psilostachya,forb,unknown,native,perennial ,
Ambrosia_psilostachya,5,Ambrosia_psilostachya,forb,unknown,native,perennial ,
Ambrosiapsilostachya,5,Ambrosia_psilostachya,forb,unknown,native,perennial ,
AMPS,5,Ambrosia_psilostachya,forb,unknown,native,perennial ,
AMCA,6,Amorpha_canescens,forb,unknown,native,perennial ,
Amorpha_canescens,6,Amorpha_canescens,forb,unknown,native,perennial ,
Amorphacanescens,6,Amorpha_canescens,forb,unknown,native,perennial ,
Andropogon_gerardii,7,Andropogon_gerardii,graminoid,c4,native,perennial ,
Andropogongerardii,7,Andropogon_gerardii,graminoid,c4,native,perennial ,
ANGE,7,Andropogon_gerardii,graminoid,c4,native,perennial ,
"""Andropogon japon""",9,Andropogon_ternarius,graminoid,c4,native,perennial ,
Andopogonguyanus,9,Andropogon_ternarius,graminoid,c4,native,perennial ,
Andropogon_ternarius,9,Andropogon_ternarius,graminoid,c4,native,perennial ,
Andropogonhallii,9,Andropogon_ternarius,graminoid,c4,native,perennial ,
Andropogonternarius,9,Andropogon_ternarius,graminoid,c4,native,perennial ,
Androsaceoccidentalis,10,Androsace_occidentalis,forb,unknown,native,annual,
ANNE,11,Antennaria_neglecta,forb,unknown,native,perennial ,
Antennaria_neglecta,11,Antennaria_neglecta,forb,unknown,native,perennial ,
Antennarianeglecta,11,Antennaria_neglecta,forb,unknown,native,perennial ,
Antennaria rosea,12,Antennaria_rosea,forb,unknown,native,perennial ,
Antennaria_rosea,12,Antennaria_rosea,forb,unknown,native,perennial ,
Antennariarosea,12,Antennaria_rosea,forb,unknown,native,perennial ,
Artemesia_rosea,12,Antennaria_rosea,forb,unknown,native,perennial ,
BABR,13,Baptisia_bracteata,forb,unknown,native,perennial ,
Baptisia_bracteata,13,Baptisia_bracteata,forb,unknown,native,perennial ,
Baptisiabracteata,13,Baptisia_bracteata,forb,unknown,native,perennial ,
Aristida purpurea,14,Aristida_purpuea,graminoid,c4,native,annual or perennial,
Aristida_purpurea,14,Aristida_purpuea,graminoid,c4,native,annual or perennial,
Aristida.purpurea,14,Aristida_purpuea,graminoid,c4,native,annual or perennial,
Aristidapurpurea,14,Aristida_purpuea,graminoid,c4,native,annual or perennial,
ARLU,15,Artemisia_ludiviciana,forb,unknown,native,perennial ,
Artemesia_ludoviciana,15,Artemisia_ludiviciana,forb,unknown,native,perennial ,
Artemisia,15,Artemisia_ludiviciana,forb,unknown,native,perennial ,
Artemisia ludoviciana,15,Artemisia_ludiviciana,forb,unknown,native,perennial ,
Artemisialudoviciana,15,Artemisia_ludiviciana,forb,unknown,native,perennial ,
Art. frid,16,Artemisia_frigida,subshrub,c3,native,perennial ,
Art. frid.,16,Artemisia_frigida,subshrub,c3,native,perennial ,
Artemesia fri,16,Artemisia_frigida,subshrub,c3,native,perennial ,
Artemesia fria,16,Artemisia_frigida,subshrub,c3,native,perennial ,
Artemesia fridgida,16,Artemisia_frigida,subshrub,c3,native,perennial ,
Artemesia frigida,16,Artemisia_frigida,subshrub,c3,native,perennial ,
Artemesia_frigida,16,Artemisia_frigida,subshrub,c3,native,perennial ,
Artemisia frigida,16,Artemisia_frigida,subshrub,c3,native,perennial ,
Artemisiafrigida,16,Artemisia_frigida,subshrub,c3,native,perennial ,
ASPA,16,Artemisia_frigida,subshrub,c3,native,perennial ,
Forb/other,16,Artemisia_frigida,subshrub,c3,native,perennial ,
Artemesia dracunculus,17,Artemisia_dracunculus,forb,unknown,native,perennial ,
Artemesia drancunlus,17,Artemisia_dracunculus,forb,unknown,native,perennial ,
Artemesia drucum,17,Artemisia_dracunculus,forb,unknown,native,perennial ,
Artemesia_dracunculus,17,Artemisia_dracunculus,forb,unknown,native,perennial ,
Artemisia dracanculus,17,Artemisia_dracunculus,forb,unknown,native,perennial ,
Artemisia dracunculus,17,Artemisia_dracunculus,forb,unknown,native,perennial ,
Artemisiadracunculus,17,Artemisia_dracunculus,forb,unknown,native,perennial ,
Asclepias seedling,18,Asclepias_sp. ,forb,unknown,unknown,unknown,
Asclepias_stenophylla,19,Asclepias_stenophylla,forb,unknown,native,perennial ,
Asclepiasstenophylla,19,Asclepias_stenophylla,forb,unknown,native,perennial ,
ASST,19,Asclepias_stenophylla,forb,unknown,native,perennial ,
Asclepias sullivantii,20,Asclepias_sullivantii,forb,unknown,native,perennial ,
Asclepias_sullivantii,20,Asclepias_sullivantii,forb,unknown,native,perennial ,
asclepiassullivantii,20,Asclepias_sullivantii,forb,unknown,native,perennial ,
Asclepiassullivantii,20,Asclepias_sullivantii,forb,unknown,native,perennial ,
asclepiassullvant,20,Asclepias_sullivantii,forb,unknown,native,perennial ,
ASSU3,20,Asclepias_sullivantii,forb,unknown,native,perennial ,
Asclepias_verticillata,22,Asclepias_verticillata,forb,unknown,native,perennial ,
Asclepiasverticillata,22,Asclepias_verticillata,forb,unknown,native,perennial ,
ASVE,22,Asclepias_verticillata,forb,unknown,native,perennial ,
Asclepiasviridiflora,23,Asclepias_viridflora,forb,unknown,native,perennial ,
Asclepias_virdis,24,Asclepias_viridis,forb,unknown,native,perennial ,
Asclepias_viridis,24,Asclepias_viridis,forb,unknown,native,perennial ,
Asclepiasviridis,24,Asclepias_viridis,forb,unknown,native,perennial ,
ASVI,24,Asclepias_viridis,forb,unknown,native,perennial ,
Asclepiasasperula,25,Asclepias_asperula,forb,unknown,native,perennial ,
Asclepias unknown,26,Asclepias_sp. ,forb,unknown,unknown,unknown,
Asclepiassp.,26,Asclepias_sp. ,forb,unknown,unknown,unknown,
Asclepias_tuberosa,27,Asclepias_tuberosa,forb,unknown,native,perennial ,
asclepiastuberosa,27,Asclepias_tuberosa,forb,unknown,native,perennial ,
Asclepiastuberosa,27,Asclepias_tuberosa,forb,unknown,native,perennial ,
ASTU,27,Asclepias_tuberosa,forb,unknown,native,perennial ,
Aster_ericoides,28,Aster_ericoides,forb,unknown,native,perennial ,
Asterericoides,28,Aster_ericoides,forb,unknown,native,perennial ,
SYER,28,Aster_ericoides,forb,unknown,native,perennial ,
aster oblong,29,Aster_oblongifolius ,forb,unknown,native,perennial ,
Aster_oblongifolia,29,Aster_oblongifolius ,forb,unknown,native,perennial ,
Aster_oblongifolium,29,Aster_oblongifolius ,forb,unknown,native,perennial ,
Aster_oblongifolius,29,Aster_oblongifolius ,forb,unknown,native,perennial ,
Aster.oblongifolius,29,Aster_oblongifolius ,forb,unknown,native,perennial ,
Asteroblongifolius,29,Aster_oblongifolius ,forb,unknown,native,perennial ,
Astragalus drummundii,31,Astragalus_drummondii,forb,unknown,native,perennial ,
Astragalus_drummondii,31,Astragalus_drummondii,forb,unknown,native,perennial ,
Astragalusdrummondii,31,Astragalus_drummondii,forb,unknown,native,perennial ,
Astragalus flex,32,Astragalus_flexuosus,forb,unknown,native,perennial ,
Astragalus flexuosus,32,Astragalus_flexuosus,forb,unknown,native,perennial ,
Astragalus_fluxuosus,32,Astragalus_flexuosus,forb,unknown,native,perennial ,
Astragalusgracilis,33,Astragalus_gracilis,forb,unknown,native,perennial ,
Astragalus laxmanii,34,Astragalus_laxmanii,forb,unknown,native,perennial ,
Astragalus_laxmanii,34,Astragalus_laxmanii,forb,unknown,native,perennial ,
Astragaluslaxmannii,34,Astragalus_laxmanii,forb,unknown,native,perennial ,
Astragaluslotiflorus,35,Astragalus_lotiflorus,forb,unknown,native,perennial ,
Astragalus mollissimus,36,Astragalus_mollissimus,forb,unknown,native,perennial ,
Astragalus_mollissimus,36,Astragalus_mollissimus,forb,unknown,native,perennial ,
Astragalusmollissimus,36,Astragalus_mollissimus,forb,unknown,native,perennial ,
Astragaulusmollissimus,36,Astragalus_mollissimus,forb,unknown,native,perennial ,
Aastragalus shortianus,37,Astragalus_shortianus,forb,unknown,native,perennial ,
Astragalus shortianus,37,Astragalus_shortianus,forb,unknown,native,perennial ,
Astragalus_shortianus,37,Astragalus_shortianus,forb,unknown,native,perennial ,
Astragalusshortianus,37,Astragalus_shortianus,forb,unknown,native,perennial ,
Oenotherasp.,38,Oenothera_sp. ,forb,unknown,unknown,unknown,
Astragalus_crassicarpus,40,Astragalus_crassicarpus,forb,unknown,native,perennial ,
Astragaluscrassicarpus,40,Astragalus_crassicarpus,forb,unknown,native,perennial ,
Astragulus.crassicarpus,40,Astragalus_crassicarpus,forb,unknown,native,perennial ,
Astragalusmissouriensis,41,Astragalus_missouriensis,forb,unknown,native,perennial ,
blob unknown,43,unknown,unknown,unknown,unknown,unknown,
BOCU,44,Bouteloua_curtipendula,graminoid,c4,native,perennial ,
Bouteloua_curtipendula,44,Bouteloua_curtipendula,graminoid,c4,native,perennial ,
Boutelouacurtipendula,44,Bouteloua_curtipendula,graminoid,c4,native,perennial ,
BODA2,45,Bouteloua_dactyloides,graminoid,c4,native,perennial ,
BODAI BUDA,45,Bouteloua_dactyloides,graminoid,c4,native,perennial ,
Boutelloa dactyloides,45,Bouteloua_dactyloides,graminoid,c4,native,perennial ,
Bouteloua dactyloides,45,Bouteloua_dactyloides,graminoid,c4,native,perennial ,
Bouteloua_dactlyoides,45,Bouteloua_dactyloides,graminoid,c4,native,perennial ,
Bouteloua_dactyloides,45,Bouteloua_dactyloides,graminoid,c4,native,perennial ,
Boutelouadactyloides,45,Bouteloua_dactyloides,graminoid,c4,native,perennial ,
Buchloedactyloides,45,Bouteloua_dactyloides,graminoid,c4,native,perennial ,
BOGR,46,Bouteloua_gracilis,graminoid,c4,native,perennial ,
Bout gra,46,Bouteloua_gracilis,graminoid,c4,native,perennial ,
Bouteloua gracilic,46,Bouteloua_gracilis,graminoid,c4,native,perennial ,
Bouteloua gracilis,46,Bouteloua_gracilis,graminoid,c4,native,perennial ,
Bouteloua Gracilis,46,Bouteloua_gracilis,graminoid,c4,native,perennial ,
Bouteloua gracillis,46,Bouteloua_gracilis,graminoid,c4,native,perennial ,
Bouteloua gracillus,46,Bouteloua_gracilis,graminoid,c4,native,perennial ,
Bouteloua_gracilis,46,Bouteloua_gracilis,graminoid,c4,native,perennial ,
Bouteloua.gracilis,46,Bouteloua_gracilis,graminoid,c4,native,perennial ,
Boutelouagracilis,46,Bouteloua_gracilis,graminoid,c4,native,perennial ,
Boutelous gracilis,46,Bouteloua_gracilis,graminoid,c4,native,perennial ,
Boutelous gracillis,46,Bouteloua_gracilis,graminoid,c4,native,perennial ,
Bouteloua_hirsuta,47,Bouteloua_hirsuta,graminoid,c4,native,perennial ,
Boutelouahersuta,47,Bouteloua_hirsuta,graminoid,c4,native,perennial ,
Boutelouahirsuta,47,Bouteloua_hirsuta,graminoid,c4,native,perennial ,
Boutelouapursuta,47,Bouteloua_hirsuta,graminoid,c4,native,perennial ,
Bromus jap.,48,Bromus_japonicus,graminoid,c3,exotic,annual,
Bromus japonicus,48,Bromus_japonicus,graminoid,c3,exotic,annual,
Bromus juponacus,48,Bromus_japonicus,graminoid,c3,exotic,annual,
Bromus_japonicus,48,Bromus_japonicus,graminoid,c3,exotic,annual,
Bromusjaponicus,48,Bromus_japonicus,graminoid,c3,exotic,annual,
Bromus tectorm,49,Bromus_tectorum,graminoid,c3,exotic,annual,
Bromus tectorum,49,Bromus_tectorum,graminoid,c3,exotic,annual,
Bromus_tectorum,49,Bromus_tectorum,graminoid,c3,exotic,annual,
Bromustectorum,49,Bromus_tectorum,graminoid,c3,exotic,annual,
CABR,50,Carex_brevior,graminoid,c3,native,perennial ,
Carex_brevior,50,Carex_brevior,graminoid,c3,native,perennial ,
Carexbrevior,50,Carex_brevior,graminoid,c3,native,perennial ,
CAHE,51,Carex_heliophila,graminoid,c3,native,perennial ,
Carex_heliophyla,51,Carex_heliophila,graminoid,c3,native,perennial ,
Carexheliophila,51,Carex_heliophila,graminoid,c3,native,perennial ,
carexneliophalu,51,Carex_heliophila,graminoid,c3,native,perennial ,
Calylophus_serrulatus,52,Calylophus_serrulatus,forb,unknown,native,perennial ,
Calylophusserrulatus,52,Calylophus_serrulatus,forb,unknown,native,perennial ,
CAME,53,Carex_meadii,graminoid,c3,native,perennial ,
Carex_meadii,53,Carex_meadii,graminoid,c3,native,perennial ,
Carexmeadii,53,Carex_meadii,graminoid,c3,native,perennial ,
Carduus nutans,54,Carduus_nutans,forb,unknown,exotic,biennial,
Carex eleocharis,55,Carex_eleocharis,graminoid,c3,native,perennial ,
Carex_eleocharis,55,Carex_eleocharis,graminoid,c3,native,perennial ,
Carexeleocharis,55,Carex_eleocharis,graminoid,c3,native,perennial ,
Carex filifolia,56,Carex_filifolia,graminoid,c3,native,perennial ,
Carexfilifolia,56,Carex_filifolia,graminoid,c3,native,perennial ,
carex gravida,57,Carex_gravida,graminoid,c3,native,perennial ,
Carex_gravida,57,Carex_gravida,graminoid,c3,native,perennial ,
Carex_gravlda,57,Carex_gravida,graminoid,c3,native,perennial ,
Carex.gravida,57,Carex_gravida,graminoid,c3,native,perennial ,
Carexgravida,57,Carex_gravida,graminoid,c3,native,perennial ,
Castillejapurpurea,58,Castilleja_purpurea,forb,unknown,native,perennial ,
Unknownforb_CHY_2018,59,unknown,forb,unknown,unknown,unknown,
cerelatenuiflorum,60,Psoralea_tenuiflora,forb,unknown,native,perennial ,
cereleateniflorum,60,Psoralea_tenuiflora,forb,unknown,native,perennial ,
colereat.,60,Psoralea_tenuiflora,forb,unknown,native,perennial ,
coreleat.,60,Psoralea_tenuiflora,forb,unknown,native,perennial ,
Psoralea_tenuiflora,60,Psoralea_tenuiflora,forb,unknown,native,perennial ,
Psoraleatenuiflora,60,Psoralea_tenuiflora,forb,unknown,native,perennial ,
Psoralidiumtenuiflorum,60,Psoralea_tenuiflora,forb,unknown,native,perennial ,
PSTE,60,Psoralea_tenuiflora,forb,unknown,native,perennial ,
Chenopodium,61,Chenopodium_sp.,forb,unknown,unknown,annual,unknown origin because some are native (c.leptophyllum) while others are extoic (c.album) but all are annuals 
Chenopodium albul,61,Chenopodium_sp.,forb,unknown,unknown,annual,
Chenopodium album,61,Chenopodium_sp.,forb,unknown,unknown,annual,
Chenopodium lept,61,Chenopodium_sp.,forb,unknown,unknown,annual,
Chenopodium lept.,61,Chenopodium_sp.,forb,unknown,unknown,annual,
Chenopodium lepto,61,Chenopodium_sp.,forb,unknown,unknown,annual,
Chenopodium leptoghyla,61,Chenopodium_sp.,forb,unknown,unknown,annual,
Chenopodium leptophillum,61,Chenopodium_sp.,forb,unknown,unknown,annual,
Chenopodium leptophyla,61,Chenopodium_sp.,forb,unknown,unknown,annual,
Chenopodium leptophyllum,61,Chenopodium_sp.,forb,unknown,unknown,annual,
Chenopodium montanus,61,Chenopodium_sp.,forb,unknown,unknown,annual,
Chenopodium sp.,61,Chenopodium_sp.,forb,unknown,unknown,annual,
Chenopodium_sp.,61,Chenopodium_sp.,forb,unknown,unknown,annual,
Chenopodiumalbum,61,Chenopodium_sp.,forb,unknown,unknown,annual,
Chenopodiumdesiccatum,61,Chenopodium_sp.,forb,unknown,unknown,annual,
Chenopodiumincanum,61,Chenopodium_sp.,forb,unknown,unknown,annual,
Chenopodiumleptophyllum,61,Chenopodium_sp.,forb,unknown,unknown,annual,
Cleonpodam loplogyla,61,Chenopodium_sp.,forb,unknown,unknown,annual,
goosefoot,61,Chenopodium_sp.,forb,unknown,unknown,annual,
Long chenopodium,61,Chenopodium_sp.,forb,unknown,unknown,annual,
Tall chenopodium,61,Chenopodium_sp.,forb,unknown,unknown,annual,
Unknown forb toothy,62,unknown,forb,unknown,unknown,annual,
Chloris_sp.,66,Chloris_sp.,graminoid,c3,native,perennial ,ask mendy which spp this likely is and how to classify 
Chlorissp.,66,Chloris_sp.,graminoid,c3,native,perennial ,ask mendy which spp this likely is and how to classify 
chlorus,66,Chloris_sp.,graminoid,c3,native,perennial ,ask mendy which spp this likely is and how to classify 
cholorus,66,Chloris_sp.,graminoid,c3,native,perennial ,ask mendy which spp this likely is and how to classify 
Circium ochochrocentrum,67,Cirsium_ochrocentrum,forb,unknown,native,biennial or perennial ,
Cirsium_ochrocentrum,67,Cirsium_ochrocentrum,forb,unknown,native,biennial or perennial ,
Cirsiumochrocentrum,67,Cirsium_ochrocentrum,forb,unknown,native,biennial or perennial ,
Cirsiumsp.,67,Cirsium_sp.,forb,unknown,native,biennial or perennial ,
Circium undulatum,68,Cirsium_undulatum,forb,unknown,native,biennial or perennial ,
Circiumundulatum,68,Cirsium_undulatum,forb,unknown,native,biennial or perennial ,
Cirsium sp,68,Cirsium_undulatum,forb,unknown,native,biennial or perennial ,
Cirsium undulatum,68,Cirsium_undulatum,forb,unknown,native,biennial or perennial ,
Cirsium_undulatum,68,Cirsium_undulatum,forb,unknown,native,biennial or perennial ,
cirsiuma unknown,68,Cirsium_undulatum,forb,unknown,native,biennial or perennial ,
Cirsiumundulatum,68,Cirsium_undulatum,forb,unknown,native,biennial or perennial ,
circiumalt,69,Cirsium_altissimum,forb,unknown,native,biennial or perennial ,
Cirsium.altissimum,69,Cirsium_altissimum,forb,unknown,native,biennial or perennial ,
cirsiumalt,69,Cirsium_altissimum,forb,unknown,native,biennial or perennial ,
Cirsium sp.,70,Cirsium_sp. ,forb,unknown,unknown,unknown,
cirsium unknown,71,Cirsium_sp.,forb,unknown,unknown,unknown,
Collomia linearis,72,Collomia_linearis,forb,unknown,native,annual,
Collomialinearis,72,Collomia_linearis,forb,unknown,native,annual,
Colomia linearis,72,Collomia_linearis,forb,unknown,native,annual,
uknown_purple_borage,72,Collomia_linearis,forb,unknown,native,annual,
unknown_purple_borage,72,Collomia_linearis,forb,unknown,native,annual,
Comandra umbellatum,73,Comandra_umbellata,forb,unknown,native,perennial ,
Comandra_umbellatum,73,Comandra_umbellata,forb,unknown,native,perennial ,
Comandraumbellata,73,Comandra_umbellata,forb,unknown,native,perennial ,
Commandra umbellatum,73,Comandra_umbellata,forb,unknown,native,perennial ,
Conyza canadensis,74,Conyza_canadensis,forb,unknown,native,annual or biennial ,
Conyza_canadensis,74,Conyza_canadensis,forb,unknown,native,annual or biennial ,
Conyzacanadensis,74,Conyza_canadensis,forb,unknown,native,annual or biennial ,
Coyza canadensis,74,Conyza_canadensis,forb,unknown,native,annual or biennial ,
Cryptantha minima,77,Cryptantha_minima,forb,unknown,native,annual or biennial ,
Cryptantha_minima,77,Cryptantha_minima,forb,unknown,native,annual or biennial ,
Cryptanthaminima,77,Cryptantha_minima,forb,unknown,native,annual or biennial ,
CYLU,78,Cyperus_lupulinus,graminoid,c3,native,perennial ,
Cyperus_lupulinus,78,Cyperus_lupulinus,graminoid,c3,native,perennial ,
Cyperuslupulinus,78,Cyperus_lupulinus,graminoid,c3,native,perennial ,
Cymopteris acaulis,79,Cymopterus_acaulis,forb,unknown,native,perennial ,
Cymopterous sp.,79,Cymopterus_acaulis,forb,unknown,native,perennial ,
Cymopterus,79,Cymopterus_acaulis,forb,unknown,native,perennial ,
Cymopterus acaulis,79,Cymopterus_acaulis,forb,unknown,native,perennial ,
Cymopterus acaulis?,79,Cymopterus_acaulis,forb,unknown,native,perennial ,
Cymopterus sp.,79,Cymopterus_acaulis,forb,unknown,native,perennial ,
Cymopterus_acaulis,79,Cymopterus_acaulis,forb,unknown,native,perennial ,
Cymopterus_glomeratus,79,Cymopterus_acaulis,forb,unknown,native,perennial ,
Cymopterusacaulis,79,Cymopterus_acaulis,forb,unknown,native,perennial ,
Cympopterous sp.,79,Cymopterus_acaulis,forb,unknown,native,perennial ,
Cymopterous montanus,81,Cymopterus_montanus,forb,unknown,native,perennial ,
Cymopterus montana,81,Cymopterus_montanus,forb,unknown,native,perennial ,
Cymopterus montanus,81,Cymopterus_montanus,forb,unknown,native,perennial ,
Cymopterus montona,81,Cymopterus_montanus,forb,unknown,native,perennial ,
Cymopterus_montanus,81,Cymopterus_montanus,forb,unknown,native,perennial ,
Cympopterous montana,81,Cymopterus_montanus,forb,unknown,native,perennial ,
Cympopterus montanus,81,Cymopterus_montanus,forb,unknown,native,perennial ,
Lymoptera montanus,81,Cymopterus_montanus,forb,unknown,native,perennial ,
Lympoterus montanus,81,Cymopterus_montanus,forb,unknown,native,perennial ,
cyperus,82,Cyperus_acuminatus,forb,unknown,native,perennial ,
Cyperus,82,Cyperus_acuminatus,forb,unknown,native,perennial ,
Cyperusacuminatus,82,Cyperus_acuminatus,forb,unknown,native,perennial ,
DACA,84,Dalea_candida,forb,unknown,native,perennial ,
Dalea_candida,84,Dalea_candida,forb,unknown,native,perennial ,
Daleacandida,84,Dalea_candida,forb,unknown,native,perennial ,
Dalea_purpurea,86,Dalea_purpuea,forb,unknown,native,perennial ,
daleamultiflora,86,Dalea_purpuea,forb,unknown,native,perennial ,
Daleapurpurea,86,Dalea_purpuea,forb,unknown,native,perennial ,
DAPU,86,Dalea_purpuea,forb,unknown,native,perennial ,
Delphinium_geyeri,87,Delphinium_geyeri,forb,unknown,native,perennial ,
Delphiniumgeyeri,87,Delphinium_geyeri,forb,unknown,native,perennial ,
DIAC,88,Dicanthelium_acuminatum,graminoid,c3,native,perennial ,
Dicanthelium_acuminatum,88,Dicanthelium_acuminatum,graminoid,c3,native,perennial ,
Dichantheliumacuminatum,88,Dicanthelium_acuminatum,graminoid,c3,native,perennial ,
Dicanthelium_oligosanthes,89,Dicanthelium_oligosanthes,graminoid,c3,native,perennial ,
Dichantheliumoligosanthes,89,Dicanthelium_oligosanthes,graminoid,c3,native,perennial ,
DIOL,89,Dicanthelium_oligosanthes,graminoid,c3,native,perennial ,
Centaurea sp. (purple),90,Dieteria_canescens,forb,unknown,native,perennial ,
Dieteria canescens,90,Dieteria_canescens,forb,unknown,native,annual or biennial or perennial,
Dieteria_canescens,90,Dieteria_canescens,forb,unknown,native,perennial ,
Dieteriacanescens,90,Dieteria_canescens,forb,unknown,native,perennial ,
UK astec,90,Dieteria_canescens,forb,unknown,native,perennial ,
UK Aster,90,Dieteria_canescens,forb,unknown,native,perennial ,
UK aster_2019,90,Dieteria_canescens,forb,unknown,native,perennial ,
UK aster_2020,90,Dieteria_canescens,forb,unknown,native,perennial ,
Unknown aster,90,Dieteria_canescens,forb,unknown,native,perennial ,
Unknown dieteria?,90,Dieteria_canescens,forb,unknown,native,perennial ,
Draba reptans,91,Draba_reptans,forb,unknown,native,annual,
Draba_reptans,91,Draba_reptans,forb,unknown,native,annual,
Drabareptans,91,Draba_reptans,forb,unknown,native,annual,
Drabasp.,92,Draba_sp.,forb,unknown,unknown,unknown,
Echinocereus viridiflora,93,Echinocereus.Escobaria,cacti,CAM,native,perennial ,
Echinocereus viridiflorus,93,Echinocereus.Escobaria,cacti,CAM,native,perennial ,
Echinocereus viriflorus,93,Echinocereus.Escobaria,cacti,CAM,native,perennial ,
Echinocereus_viridiflora,93,Echinocereus.Escobaria,cacti,CAM,native,perennial ,
Echinocereus_viridiflorus,93,Echinocereus.Escobaria,cacti,CAM,native,perennial ,
Echinocereusviridiflora,93,Echinocereus.Escobaria,cacti,CAM,native,perennial ,
Echinocereusviridiflorus,93,Echinocereus.Escobaria,cacti,CAM,native,perennial ,
echinocerus,93,Echinocereus.Escobaria,cacti,CAM,native,perennial ,
Echinocerus viriflorus,93,Echinocereus.Escobaria,cacti,CAM,native,perennial ,
Escobaria vivipara,93,Echinocereus.Escobaria,cacti,CAM,native,perennial ,
Escobaria_vivipara,93,Echinocereus.Escobaria,cacti,CAM,native,perennial ,
Escobariavivipara,93,Echinocereus.Escobaria,cacti,CAM,native,perennial ,
Eleocharis,94,Eleocharis_sp.,graminoid,c3,unknown,unknown,
Eleocharis_sp.,94,Eleocharis_sp.,graminoid,c3,unknown,unknown,
Eleocharissp.,94,Eleocharis_sp.,graminoid,c3,unknown,unknown,
Elymus elimoides,95,Elymus_elymoides,graminoid,c3,native,perennial ,
elymus elymoides,95,Elymus_elymoides,graminoid,c3,native,perennial ,
Elymus elymoides,95,Elymus_elymoides,graminoid,c3,native,perennial ,
Elymus_elymoides,95,Elymus_elymoides,graminoid,c3,native,perennial ,
Elymuselymoides,95,Elymus_elymoides,graminoid,c3,native,perennial ,
Eragrostis_spectabilis,96,Eragrostis_spectabilis,graminoid,c4,native,perennial ,
Eragrostisspectabilis,96,Eragrostis_spectabilis,graminoid,c4,native,perennial ,
ERSP,96,Eragrostis_spectabilis,graminoid,c4,native,perennial ,
Ericameria nauseosa,97,Ericameria_nauseosa,shrub,c3,native,perennial ,
Ericameria_nauseosa,97,Ericameria_nauseosa,shrub,c3,native,perennial ,
Ericamerianauseosa,97,Ericameria_nauseosa,shrub,c3,native,perennial ,
Erigeron alatum,98,Eriogonum_alatum,forb,unknown,native,perennial ,
Eriogonum alatum,98,Eriogonum_alatum,forb,unknown,native,perennial ,
Eriogonum_alatum,98,Eriogonum_alatum,forb,unknown,native,perennial ,
Eriogonumalatum,98,Eriogonum_alatum,forb,unknown,native,perennial ,
Erigeron pumilus,99,Erigeron_pumilus,forb,unknown,native,perennial ,
Erigeron_pumilus,99,Erigeron_pumilus,forb,unknown,native,perennial ,
Erigeronpumilus,99,Erigeron_pumilus,forb,unknown,native,perennial ,
Erigeron_strigas,100,Erigeron_stigosus,forb,unknown,native,annual or biennial or perennial,
Erigeron_strigosus,100,Erigeron_stigosus,forb,unknown,native,annual or biennial or perennial,
Erigeronstrigosus,100,Erigeron_stigosus,forb,unknown,native,annual or biennial or perennial,
eriogonum,103,Eriogonum_effusum,forb,unknown,native,perennial ,
Eriogonum,103,Eriogonum_effusum,forb,unknown,native,perennial ,
Eriogonum effusum,103,Eriogonum_effusum,forb,unknown,native,perennial ,
Eriogonumeffusum,103,Eriogonum_effusum,forb,unknown,native,perennial ,
Eriogonumhelichrysoides,103,Eriogonum_effusum,forb,unknown,native,perennial ,
Erogonum effusum,103,Eriogonum_effusum,forb,unknown,native,perennial ,
Eryisimum_asper,107,Eryisimum_asperum,forb,unknown,native,biennial or perennial ,
Erysimum (?) rosette,107,Eryisimum_asperum,forb,unknown,native,biennial or perennial ,
Erysimumasperum,107,Eryisimum_asperum,forb,unknown,native,biennial or perennial ,
roselte unknown,107,Eryisimum_asperum,forb,unknown,native,biennial or perennial ,
rosette unknown,107,Eryisimum_asperum,forb,unknown,native,biennial or perennial ,
Artemisia ludoviciana?,108,unknown,unknown,unknown,unknown,unknown,
EUMA,110,Euphorbia_marginata,forb,unknown,native,annual,
Euphorbia_marginata,110,Euphorbia_marginata,forb,unknown,native,annual,
Euphorbiamarginata,110,Euphorbia_marginata,forb,unknown,native,annual,
EUNU,112,Euphorbia_sp.,forb,unknown,native,annual or perennial,EUGL is only an annual
Euphorbia glyptosperma,112,Euphorbia_sp.,forb,unknown,native,annual or perennial,
Euphorbia serpens,112,Euphorbia_sp.,forb,unknown,native,annual or perennial,
Euphorbia_glyptospermia,112,Euphorbia_sp.,forb,unknown,native,annual or perennial,
Euphorbia_nutans,112,Euphorbia_sp.,forb,unknown,native,annual or perennial,
Euphorbia_serpens,112,Euphorbia_sp.,forb,unknown,native,annual or perennial,
Euphorbia_sp.,112,Euphorbia_sp.,forb,unknown,native,annual or perennial,
Euphorbia_spathulata,112,Euphorbia_sp.,forb,unknown,native,annual or perennial,
euphorbiaglypto,112,Euphorbia_sp.,forb,unknown,native,annual or perennial,
Euphorbiaglyptosperma,112,Euphorbia_sp.,forb,unknown,native,annual or perennial,
Euphorbianutans,112,Euphorbia_sp.,forb,unknown,native,annual or perennial,
Euphorbiaserpens,112,Euphorbia_sp.,forb,unknown,native,annual or perennial,
Euphorbiaspathulata,112,Euphorbia_sp.,forb,unknown,native,annual or perennial,
EUSE,112,Euphorbia_sp.,forb,unknown,native,annual or perennial,
Euphorb_unknown,114,Euphorbia_davidii,forb,unknown,exotic,annual,
Euphorbiadavidii,114,Euphorbia_davidii,forb,unknown,exotic,annual,
forb soft velvet,118,Oxytropis_sp. ,forb,unknown,unknown,unknown,
Fuzzy oxytropis,119,Oxytropis_sp. ,forb,unknown,unknown,unknown,
Unknown astrag/oxytrop,119,Oxytropis_sp. ,forb,unknown,unknown,unknown,
Grindelia squarrosa,122,Grindelia_squarrosa ,forb,unknown,native,annual or biennial or perennial,
Grindelia squarrpsa,122,Grindelia_squarrosa ,forb,unknown,native,annual or biennial or perennial,
Grindeliasquarrosa,122,Grindelia_squarrosa ,forb,unknown,native,annual or biennial or perennial,
Grindellia.seedling.,122,Grindelia_squarrosa ,forb,unknown,native,annual or biennial or perennial,
Guiterieza sprathral,124,Gutierrezia_sarothrae,forb,unknown,native,perennial ,
Guterizzia_sarothrae,124,Gutierrezia_sarothrae,forb,unknown,native,perennial ,
Gutierezia sarothrae,124,Gutierrezia_sarothrae,forb,unknown,native,perennial ,
Gutierrezia sarothrae,124,Gutierrezia_sarothrae,forb,unknown,native,perennial ,
Gutierrezia squarrosa,124,Gutierrezia_sarothrae,forb,unknown,native,perennial ,
Gutierrezia_sarothrae,124,Gutierrezia_sarothrae,forb,unknown,native,perennial ,
Gutierreziasarothrae,124,Gutierrezia_sarothrae,forb,unknown,native,perennial ,
Gutierrizzia_sarothrae,124,Gutierrezia_sarothrae,forb,unknown,native,perennial ,
Guttierezia sarothrae,124,Gutierrezia_sarothrae,forb,unknown,native,perennial ,
Happlopapusfilifolia,125,Hymenopappus_filifolius,forb,unknown,native,perennial ,
hymenopathus unknown,125,Hymenopappus_filifolius,forb,unknown,native,perennial ,
Hedeoma_hispida,126,Hedemoa_hispida,forb,unknown,native,annual,
Hedeomahispida,126,Hedemoa_hispida,forb,unknown,native,annual,
Helianthus anuus,127,Helianthus_annuus,forb,unknown,native,annual,
Helianthus_annuus,127,Helianthus_annuus,forb,unknown,native,annual,
Helianthusannuus,127,Helianthus_annuus,forb,unknown,native,annual,
Helianthussp.,127,Helianthus_annuus,forb,unknown,native,annual,
Helianthus pumilus,128,Helianthus_pumilus,forb,unknown,native,perennial ,
Helianthuspumilus,128,Helianthus_pumilus,forb,unknown,native,perennial ,
Hesperostipa comata,130,Hesperostipa_comata,forb,unknown,native,perennial ,
Hesperostipa_comata,130,Hesperostipa_comata,forb,unknown,native,perennial ,
Stipa comata,130,Hesperostipa_comata,forb,unknown,native,perennial ,
Stipacomata,130,Hesperostipa_comata,forb,unknown,native,perennial ,
Heterotheca villosa,131,Heterotheca_villosa,forb,unknown,native,perennial ,
Heterotheca_villosa,131,Heterotheca_villosa,forb,unknown,native,perennial ,
Heterothecavillosa,131,Heterotheca_villosa,forb,unknown,native,perennial ,
Hordeum_pusilum,132,Hordeum_pusillum,forb,unknown,native,annual,
Hordeumpusillum,132,Hordeum_pusillum,forb,unknown,native,annual,
Ipomopsis_laxiflora,134,Ipomopsis_laxiflora,forb,unknown,native,annual or biennial ,
Ipomopsislaxiflora,134,Ipomopsis_laxiflora,forb,unknown,native,annual or biennial ,
Juncus_sp.,135,Juncus_interior,graminoid,c3,native,perennial ,
Juncusinterior,135,Juncus_interior,graminoid,c3,native,perennial ,
Juncussp.,135,Juncus_interior,graminoid,c3,native,perennial ,
Koeleria,137,Koeleria_macarantha,graminoid,c3,native,perennial ,
Koeleria pyramidata,137,Koeleria_macarantha,graminoid,c3,native,perennial ,
Koeleria_macarantha,137,Koeleria_macarantha,graminoid,c3,native,perennial ,
Koeleria_macrantha,137,Koeleria_macarantha,graminoid,c3,native,perennial ,
Koeleriapyramidata,137,Koeleria_macarantha,graminoid,c3,native,perennial ,
KOMA,137,Koeleria_macarantha,graminoid,c3,native,perennial ,
KOPY,137,Koeleria_macarantha,graminoid,c3,native,perennial ,
Kuhnia,141,Kuhnia_eupatoroides,forb,unknown,native,perennial ,
Kuhnia unknown,141,Kuhnia_eupatoroides,forb,unknown,native,perennial ,
Kuhnia_eupatoriodes,141,Kuhnia_eupatoroides,forb,unknown,native,perennial ,
Kuhnia_eupatoroides,141,Kuhnia_eupatoroides,forb,unknown,native,perennial ,
Kuhniaeupatorioides,141,Kuhnia_eupatoroides,forb,unknown,native,perennial ,
lactina,142,Lactuca_serriola,forb,unknown,exotic,annual or biennial ,
Lactuca,142,Lactuca_serriola,forb,unknown,exotic,annual or biennial ,
Lactuca serriola,142,Lactuca_serriola,forb,unknown,exotic,annual or biennial ,
Lactuca_serriola,142,Lactuca_serriola,forb,unknown,exotic,annual or biennial ,
Lactucaseriola,142,Lactuca_serriola,forb,unknown,exotic,annual or biennial ,
Lactucaserriola,142,Lactuca_serriola,forb,unknown,exotic,annual or biennial ,
Lappula redowskii,143,Lappula_redowskii,forb,unknown,native,annual or biennial ,
Lappula_redowskii,143,Lappula_redowskii,forb,unknown,native,annual or biennial ,
Lappularedowskii,143,Lappula_redowskii,forb,unknown,native,annual or biennial ,
LECA,144,Lespedez_capitata,forb,unknown,native,perennial ,
lespdezacapitata,144,Lespedeza_capitata,forb,unknown,native,perennial ,
Lespedeza_capitata,144,Lespedeza_capitata,forb,unknown,native,perennial ,
Lespedezacapitata,144,Lespedeza_capitata,forb,unknown,native,perennial ,
LEDE,145,Lepidium_densiflorum,forb,unknown,exotic,annual or biennial ,
Lepedium densiflorum,145,Lepidium_densiflorum,forb,unknown,exotic,annual or biennial ,
Lepidium_densiflorum,145,Lepidium_densiflorum,forb,unknown,exotic,annual or biennial ,
Lepidiumdensiflorum,145,Lepidium_densiflorum,forb,unknown,exotic,annual or biennial ,
Lupidum??,145,Lepidium_densiflorum,forb,unknown,exotic,annual or biennial ,
Lesquerella montana,147,Lesquerella_montana,forb,unknown,native,perennial ,
Lesquerella_montana,147,Lesquerella_montana,forb,unknown,native,perennial ,
Lesquerellamontana,147,Lesquerella_montana,forb,unknown,native,perennial ,
Lesquerella montana?,149,Leucocrinum_montanum,forb,unknown,native,perennial ,
Leucocrinum montanum,149,Leucocrinum_montanum,forb,unknown,native,perennial ,
Leucocrinum_montanum,149,Leucocrinum_montanum,forb,unknown,native,perennial ,
Leucocrinummontanum,149,Leucocrinum_montanum,forb,unknown,native,perennial ,
Leucorinum montanum,149,Leucocrinum_montanum,forb,unknown,native,perennial ,
Liatris longleaf,151,Liatris_punctata,forb,unknown,native,perennial ,
Liatris punctata,151,Liatris_punctata,forb,unknown,native,perennial ,
Liatris_punctata,151,Liatris_punctata,forb,unknown,native,perennial ,
Liatrispunctata,151,Liatris_punctata,forb,unknown,native,perennial ,
LIPU,151,Liatris_punctata,forb,unknown,native,perennial ,
Linaria_dalmatica,152,Linaria_dalmatica,forb,unknown,exotic,perennial ,
Linariadalmatica,152,Linaria_dalmatica,forb,unknown,exotic,perennial ,
Lineria dalmatica,152,Linaria_dalmatica,forb,unknown,exotic,perennial ,
Linum_rigidum,153,Linum_rigidum,forb,unknown,native,annual or perennial,
Linumrigidum,153,Linum_rigidum,forb,unknown,native,annual or perennial,
Linum_sulcatum,154,Linum_sulcatum,forb,unknown,native,annual,
Linumsulcatum,154,Linum_sulcatum,forb,unknown,native,annual,
Lethospermum,155,Lithospermum_incisum,forb,unknown,native,perennial ,
Lithospermum,155,Lithospermum_incisum,forb,unknown,native,perennial ,
Lithospermum_incisum,155,Lithospermum_incisum,forb,unknown,native,perennial ,
Lithospermumincisum,155,Lithospermum_incisum,forb,unknown,native,perennial ,
Lygodemia juncea,159,Lygodesmia_juncea,forb,unknown,native,perennial ,
Lygodesia juncea,159,Lygodesmia_juncea,forb,unknown,native,perennial ,
Lygodesmea juncea,159,Lygodesmia_juncea,forb,unknown,native,perennial ,
Lygodesmia juncea,159,Lygodesmia_juncea,forb,unknown,native,perennial ,
Lygodesmia_juncea,159,Lygodesmia_juncea,forb,unknown,native,perennial ,
Lygodesmiajuncea,159,Lygodesmia_juncea,forb,unknown,native,perennial ,
Machaeranthera,161,Machaeranthera_pinnatifida,forb,unknown,native,perennial ,
Machaeranthera pinnatifid,161,Machaeranthera_pinnatifida,forb,unknown,native,perennial ,
Machaeranthera pinnatifida,161,Machaeranthera_pinnatifida,forb,unknown,native,perennial ,
MAchaeranthera pinnatifida,161,Machaeranthera_pinnatifida,forb,unknown,native,perennial ,
Machaeranthera_pinnatifida,161,Machaeranthera_pinnatifida,forb,unknown,native,perennial ,
Machaerantherapinnatifida,161,Machaeranthera_pinnatifida,forb,unknown,native,perennial ,
Machaeranthera tanacetifolia,163,Machaeranthera_tanacetifolia,forb,unknown,native,annual or biennial ,
Machaeranthera_tanacetifolia,163,Machaeranthera_tanacetifolia,forb,unknown,native,annual or biennial ,
Machaerantheratanacetifolia,163,Machaeranthera_tanacetifolia,forb,unknown,native,annual or biennial ,
Medicago_lupulina,164,Medicago_lupulina,forb,unknown,exotic,annual or perennial,
Medicagolupulina,164,Medicago_lupulina,forb,unknown,exotic,annual or perennial,
Melilotus_officinalis,166,Melilotus_officinalis,forb,unknown,exotic,annual or biennial or perennial,
Melilotusalba,166,Melilotus_officinalis,forb,unknown,exotic,annual or biennial or perennial,
Melilotusofficinalis,166,Melilotus_officinalis,forb,unknown,exotic,annual or biennial or perennial,
Melilotusspp,166,Melilotus_officinalis,forb,unknown,exotic,annual or biennial or perennial,
MEOF,166,Melilotus_officinalis,forb,unknown,exotic,annual or biennial or perennial,
Mertensia lanceolata,168,Mertensia_lanceolata,forb,unknown,native,perennial ,
Mertensia_lanceolata,168,Mertensia_lanceolata,forb,unknown,native,perennial ,
Mertensialanceolata,168,Mertensia_lanceolata,forb,unknown,native,perennial ,
mirabilis,170,Mirabilis_linearis,forb,unknown,native,perennial ,
Mirabilis linearis,170,Mirabilis_linearis,forb,unknown,native,perennial ,
Mirabilis sp,170,Mirabilis_linearis,forb,unknown,native,perennial ,
Mirabilis sp.,170,Mirabilis_linearis,forb,unknown,native,perennial ,
Mirabilis spp,170,Mirabilis_linearis,forb,unknown,native,perennial ,
Mirabilis_linearis,170,Mirabilis_linearis,forb,unknown,native,perennial ,
Mirabilislinearis,170,Mirabilis_linearis,forb,unknown,native,perennial ,
Unknown mirabilis,170,Mirabilis_linearis,forb,unknown,native,perennial ,
monarda,171,Monarda_fistulosa,forb,unknown,native,perennial ,
monarda fistulosa,171,Monarda_fistulosa,forb,unknown,native,perennial ,
muhlenbergia torreyi,172,Muhlenbergia_torreyi,graminoid,c3,native,perennial ,
Muhlenbergiatorreyi,172,Muhlenbergia_torreyi,graminoid,c3,native,perennial ,
Musineon divaricatum,173,Musineon_divaricatum,forb,unknown,native,perennial ,
Musineon_divaricatum,173,Musineon_divaricatum,forb,unknown,native,perennial ,
Musineondivaricatum,173,Musineon_divaricatum,forb,unknown,native,perennial ,
Nassella viridual,175,Nassella_viridula,graminoid,c3,native,perennial ,
Nassellaviridula,175,Nassella_viridula,graminoid,c3,native,perennial ,
Gaura coccinea,177,Oenothera_suffrutescens,forb,unknown,native,perennial ,
Gaura_coccinea,177,Oenothera_suffrutescens,forb,unknown,native,perennial ,
Gauracoccinea,177,Oenothera_suffrutescens,forb,unknown,native,perennial ,
Gauraparviflora,177,Oenothera_suffrutescens,forb,unknown,native,perennial ,
oenathera sufraceteus,177,Oenothera_suffrutescens,forb,unknown,native,perennial ,
Oenothera suffax,177,Oenothera_suffrutescens,forb,unknown,native,perennial ,
Oenothera_suffrutescens,177,Oenothera_suffrutescens,forb,unknown,native,perennial ,
oenotherasufferetsens,177,Oenothera_suffrutescens,forb,unknown,native,perennial ,
Oenothera albicaulis,179,Oenothera_albicaulis,forb,unknown,native,annual ,
Oenothera_albicaulis,179,Oenothera_albicaulis,forb,unknown,native,annual ,
Oenotheraalbicaulis,179,Oenothera_albicaulis,forb,unknown,native,annual ,
Enotheraeurliflora,180,Oenothera_biennis,forb,unknown,native,biennial ,
Oenothera biennis,180,Oenothera_biennis,forb,unknown,native,biennial ,
Machaeranthera pinnatifida?,181,Oenothera_coronopifolia,forb,unknown,native,perennial ,
Oenotera,181,Oenothera_coronopifolia,forb,unknown,native,perennial ,
Oenothera coronopifolia,181,Oenothera_coronopifolia,forb,unknown,native,perennial ,
Oenothera_coronopifolia,181,Oenothera_coronopifolia,forb,unknown,native,perennial ,
Oenotheracoronopifolia,181,Oenothera_coronopifolia,forb,unknown,native,perennial ,
Oenthera coronopifolia,181,Oenothera_coronopifolia,forb,unknown,native,perennial ,
Oenotheraspeciosa,183,Oenothera_speciosa,forb,unknown,native,perennial ,
opposite lead unknown,184,unknown,forb,unknown,unknown,unknown,
Oppuntiapolycantha,185,Opuntia polyacantha,Cacti,c3,native,perennial ,
Opuntia,185,Opuntia polyacantha,Cacti,c3,native,perennial ,
Opuntia polyacantha,185,Opuntia polyacantha,Cacti,c3,native,perennial ,
Opuntia polycantha,185,Opuntia polyacantha,Cacti,c3,native,perennial ,
Opuntia_polycantha,185,Opuntia polyacantha,Cacti,c3,native,perennial ,
Opuntiapolyacantha,185,Opuntia polyacantha,Cacti,c3,native,perennial ,
Orobanche sp,186,Orobanche_sp.,forb,unknown,unknown,unknown,
Orobanche sp.,186,Orobanche_sp.,forb,unknown,unknown,unknown,
Orobanchesp.,186,Orobanche_sp.,forb,unknown,unknown,unknown,
parasidic,186,Orobanche_sp.,forb,unknown,unknown,unknown,
Parasidic,186,Orobanche_sp.,forb,unknown,unknown,unknown,
Parasitic,186,Orobanche_sp.,forb,unknown,unknown,unknown,
parasitic plant,186,Orobanche_sp.,forb,unknown,unknown,unknown,
Oxalis_stricta,187,Oxalis_stricta,forb,unknown,native,perennial ,
Oxalisstricta,187,Oxalis_stricta,forb,unknown,native,perennial ,
OXST,187,Oxalis_stricta,forb,unknown,native,perennial ,
Oxalisviolacea,188,Oxalis_violacea,forb,unknown,native,perennial ,
Oxytropissericea,190,Oxytropis_sericea,forb,unknown,native,perennial ,
Oxytropislambertii,191,Oxytropis_lambertii,forb,unknown,native,perennial ,
panicum,194,Panicum_virgatum,graminoid,c4,native,perennial ,
Panicum_virgatum,194,Panicum_virgatum,graminoid,c4,native,perennial ,
Panicumvirgatum,194,Panicum_virgatum,graminoid,c4,native,perennial ,
PAVI,194,Panicum_virgatum,graminoid,c4,native,perennial ,
Eriogonum like plant,196,Paronychia_jamesii,forb,unknown,native,perennial ,
Eriogonum_Hays,196,Paronychia_jamesii,forb,unknown,native,perennial ,
Paronychia jamesii,196,Paronychia_jamesii,forb,unknown,native,perennial ,
Paronychia_jamesii,196,Paronychia_jamesii,forb,unknown,native,perennial ,
Dasesmit,197,Pascopyrum_smithii,graminoid,c3,native,perennial ,
pascapyrum,197,Pascopyrum_smithii,graminoid,c3,native,perennial ,
Pascopyron_smithii,197,Pascopyrum_smithii,graminoid,c3,native,perennial ,
Pascopyrum smithii,197,Pascopyrum_smithii,graminoid,c3,native,perennial ,
Pascopyrum_smithii,197,Pascopyrum_smithii,graminoid,c3,native,perennial ,
Pascopyrumsmithii,197,Pascopyrum_smithii,graminoid,c3,native,perennial ,
PASM,197,Pascopyrum_smithii,graminoid,c3,native,perennial ,
Penstemon albidus,198,Penstemon_albidus,forb,unknown,native,perennial ,
Penstemon_albidus,198,Penstemon_albidus,forb,unknown,native,perennial ,
Penstemonalbidus,198,Penstemon_albidus,forb,unknown,native,perennial ,
Penstemon angustifolius,199,Penstemon_angustifolius,forb,unknown,native,perennial ,
Penstemon_angustifolius,199,Penstemon_angustifolius,forb,unknown,native,perennial ,
Penstemonangustifolius,199,Penstemon_angustifolius,forb,unknown,native,perennial ,
Phlox hoodii,200,Phlox_hoodii,forb,unknown,native,perennial ,
Phlox_hoodii,200,Phlox_hoodii,forb,unknown,native,perennial ,
Phloxhoodii,200,Phlox_hoodii,forb,unknown,native,perennial ,
PHPU,201,Physalis_pumila,forb,unknown,native,perennial ,
Physalis_pumila,201,Physalis_pumila,forb,unknown,native,perennial ,
Physalispumila,201,Physalis_pumila,forb,unknown,native,perennial ,
physillysis,201,Physalis_pumila,forb,unknown,native,perennial ,
Plantago patagonica,202,Plantago_patagonica,forb,unknown,native,annual,
Plantago_patagonica,202,Plantago_patagonica,forb,unknown,native,annual,
Plantagopatagonica,202,Plantago_patagonica,forb,unknown,native,annual,
PlantagoPatagonica,202,Plantago_patagonica,forb,unknown,native,annual,
Plantago_rhodosperma,203,Plantago_rhodosperma,forb,unknown,native,annual,
Plantagorhodosperma,203,Plantago_rhodosperma,forb,unknown,native,annual,
PLRH,203,Plantago_rhodosperma,forb,unknown,native,annual,
Poa,204,Poa_pratensis,forb,unknown,exotic,perennial ,
Poa pratensis,204,Poa_pratensis,forb,unknown,exotic,perennial ,
Poa_pratensis,204,Poa_pratensis,forb,unknown,exotic,perennial ,
Poapratensis,204,Poa_pratensis,forb,unknown,exotic,perennial ,
polygala,205,Polygala_verticillata,forb,unknown,native,annual,
Polygala,205,Polygala_verticillata,forb,unknown,native,annual,
Polygala_verticillata,205,Polygala_verticillata,forb,unknown,native,annual,
Polygalasp.,205,Polygala_verticillata,forb,unknown,native,annual,
Polygalaverticillata,205,Polygala_verticillata,forb,unknown,native,annual,
Pontenia sp.,209,Potentilla_pensylvanica,forb,unknown,native,perennial ,
Pontentilla,209,Potentilla_pensylvanica,forb,unknown,native,perennial ,
Pontetilla,209,Potentilla_pensylvanica,forb,unknown,native,perennial ,
Pontilla pencilranica,209,Potentilla_pensylvanica,forb,unknown,native,perennial ,
Potentia pensylvanica,209,Potentilla_pensylvanica,forb,unknown,native,perennial ,
Potentia sp.,209,Potentilla_pensylvanica,forb,unknown,native,perennial ,
Potentilla,209,Potentilla_pensylvanica,forb,unknown,native,perennial ,
Potentilla pencilvanica,209,Potentilla_pensylvanica,forb,unknown,native,perennial ,
Potentilla pencylvanica,209,Potentilla_pensylvanica,forb,unknown,native,perennial ,
Potentilla pensylvanica,209,Potentilla_pensylvanica,forb,unknown,native,perennial ,
Potentilla_pensylvanica,209,Potentilla_pensylvanica,forb,unknown,native,perennial ,
Potentillapensylvanica,209,Potentilla_pensylvanica,forb,unknown,native,perennial ,
Psoralea_cuspidata,211,Psoralea_cuspidata,forb,unknown,native,perennial ,
Psoraleacuspidata,211,Psoralea_cuspidata,forb,unknown,native,perennial ,
Psoraleaesculenta,212,Psoralea_esculenta,forb,unknown,native,perennial ,
RACO,213,Ratibida_columnifera,forb,unknown,native,perennial ,
ratibacolumnifera,213,Ratibida_columnifera,forb,unknown,native,perennial ,
Ratibida sp.,213,Ratibida_columnifera,forb,unknown,native,perennial ,
Ratibida_columnifera,213,Ratibida_columnifera,forb,unknown,native,perennial ,
Ratibida_columniferia,213,Ratibida_columnifera,forb,unknown,native,perennial ,
Ratibidacolumnifera,213,Ratibida_columnifera,forb,unknown,native,perennial ,
rutibita,213,Ratibida_columnifera,forb,unknown,native,perennial ,
Rhus_trilobata,214,Rhus_trilobata,woody,c3,native,perennial ,
Rhustrilobata,214,Rhus_trilobata,woody,c3,native,perennial ,
Ruellia_humilis,216,Ruellia_humilis,forb,unknown,native,perennial ,
Ruellia.seedling.,216,Ruellia_humilis,forb,unknown,native,perennial ,
Ruelliahumilis,216,Ruellia_humilis,forb,unknown,native,perennial ,
RUHU,216,Ruellia_humilis,forb,unknown,native,perennial ,
Salsola tragus,218,Salsola_tragus,forb,unknown,exotic,annual ,
Salsola_tragus,218,Salsola_tragus,forb,unknown,exotic,annual ,
Salsolatragus,218,Salsola_tragus,forb,unknown,exotic,annual ,
salvia,219,Salvia_azurea,forb,unknown,native,perennial ,
Salvia_azurea,219,Salvia_azurea,forb,unknown,native,perennial ,
Salvia.azurea,219,Salvia_azurea,forb,unknown,native,perennial ,
Salviaazurea,219,Salvia_azurea,forb,unknown,native,perennial ,
Schedonnarduspaniculatus,220,Schedonnardus_paniculatus,graminoid,c3,native,perennial ,
Schizachyrium_scoparium,221,Schizachyrium_scoparium,graminoid,c4,native,perennial ,
Schizachyriumscoparium,221,Schizachyrium_scoparium,graminoid,c4,native,perennial ,
SCSC,221,Schizachyrium_scoparium,graminoid,c4,native,perennial ,
Schrankia_nutallii,222,Schrankia_nutallii,forb,unknown,native,perennial ,
Schrankianuttallii,222,Schrankia_nutallii,forb,unknown,native,perennial ,
SCNU,222,Schrankia_nutallii,forb,unknown,native,perennial ,
shcranki,222,Schrankia_nutallii,forb,unknown,native,perennial ,
Scorzoneralaciniata,223,Scorzonera_laciniata,graminoid,c3,exotic,perennial ,
Senecio_plattensis,225,Senecio_plattensis,forb,unknown,native,biennial or perennial , 
Senecioplattensis,225,Senecio_plattensis,forb,unknown,native,biennial or perennial ,
unknown rosette,225,Senecio_plattensis,forb,unknown,native,biennial or perennial ,
SICA,227,Sisyrinchium_campestre,forb,unknown,native,perennial ,
Sisynchrium_campestre,227,Sisyrinchium_campestre,forb,unknown,native,perennial ,
sisyrichiumcampestre,227,Sisyrinchium_campestre,forb,unknown,native,perennial ,
sisyrinchiumcampestre,227,Sisyrinchium_campestre,forb,unknown,native,perennial ,
Sisyrinchiumcampestre,227,Sisyrinchium_campestre,forb,unknown,native,perennial ,
Silene_antirrhina,229,Silene_antirrhina,forb,unknown,native,annual ,
Sileneantirrhina,229,Silene_antirrhina,forb,unknown,native,annual ,
Sisymbrium altissima,230,Sisymbrium_altissimum,forb,unknown,exotic,annual or biennial ,
Sisymbrium altissimum,230,Sisymbrium_altissimum,forb,unknown,exotic,annual or biennial ,
Sisymbrium_altissimum,230,Sisymbrium_altissimum,forb,unknown,exotic,annual or biennial ,
Sisymbriumaltissimum,230,Sisymbrium_altissimum,forb,unknown,exotic,annual or biennial ,
Sysimbrium sp.,230,Sisymbrium_altissimum,forb,unknown,exotic,annual or biennial ,
Solanumrostratum,231,Solanum_rostratum,forb,unknown,native,annual ,
Solidago canadensis,232,Solidago_canadensis,forb,unknown,native,perennial ,
Solidago_canadensis,232,Solidago_canadensis,forb,unknown,native,perennial ,
Solidago.can.,232,Solidago_canadensis,forb,unknown,native,perennial ,
Solidagocanadensis,232,Solidago_canadensis,forb,unknown,native,perennial ,
solidagocandensis,232,Solidago_canadensis,forb,unknown,native,perennial ,
Solidagocanedensis,232,Solidago_canadensis,forb,unknown,native,perennial ,
Solidago_missouriensis,233,Solidago_missouriensis,forb,unknown,native,perennial ,
Solidagomissouriensis,233,Solidago_missouriensis,forb,unknown,native,perennial ,
SOMI,233,Solidago_missouriensis,forb,unknown,native,perennial ,
SONU,234,Sorghastrum_nutans,graminoid,c3,native,perennial ,
Sorgastrum_nutans,234,Sorghastrum_nutans,graminoid,c3,native,perennial ,
Sorghastrum_nutans,234,Sorghastrum_nutans,graminoid,c3,native,perennial ,
Sorghastrumnutans,234,Sorghastrum_nutans,graminoid,c3,native,perennial ,
SPAS,235,Sporobolus_asper,graminoid,c3,native,perennial ,
sporobolus_asper,235,Sporobolus_asper,graminoid,c3,native,perennial ,
Sporobolus_asper,235,Sporobolus_asper,graminoid,c3,native,perennial ,
Sporobolusasper,235,Sporobolus_asper,graminoid,c3,native,perennial ,
Sphaeralcea coccinea,236,Sphaeralcea_coccinea,forb,unknown,native,biennial or perennial ,
Sphaeralcea_coccinea,236,Sphaeralcea_coccinea,forb,unknown,native,biennial or perennial ,
Sphaeralceacoccinea,236,Sphaeralcea_coccinea,forb,unknown,native,biennial or perennial ,
Sporobolus_cryptandrus,237,Sporobolus_cryptandrus,graminoid,c4,native,perennial ,
Sporoboluscryptandrus,237,Sporobolus_cryptandrus,graminoid,c4,native,perennial ,
Stephanomeria runcinata,239,Stephanomeria_runcinata,forb,unknown,native,perennial ,
Stephanomeriaruncinata,239,Stephanomeria_runcinata,forb,unknown,native,perennial ,
Stipa veridas?,240,unknown,unknown,unknown,unknown,unknown,
Talinumparviflorum,242,Talinum_parviflorum,forb,unknown,native,perennial ,
taraxacum officinale,244,Taraxacum_officinale,forb,unknown,exotic,perennial ,
Taraxacum officinale,244,Taraxacum_officinale,forb,unknown,exotic,perennial ,
Taraxacum_officinale,244,Taraxacum_officinale,forb,unknown,exotic,perennial ,
Taraxacumofficinale,244,Taraxacum_officinale,forb,unknown,exotic,perennial ,
Taraxacumofficionale,244,Taraxacum_officinale,forb,unknown,exotic,perennial ,
Taraxicum,244,Taraxacum_officinale,forb,unknown,exotic,perennial ,
Taraxicum off,244,Taraxacum_officinale,forb,unknown,exotic,perennial ,
Taraxicum offianales,244,Taraxacum_officinale,forb,unknown,exotic,perennial ,
Taraxicum officianales,244,Taraxacum_officinale,forb,unknown,exotic,perennial ,
Taraxicum officinale,244,Taraxacum_officinale,forb,unknown,exotic,perennial ,
Taraxicum officinales,244,Taraxacum_officinale,forb,unknown,exotic,perennial ,
Taraxicum sp,244,Taraxacum_officinale,forb,unknown,exotic,perennial ,
Taraxicum sp.,244,Taraxacum_officinale,forb,unknown,exotic,perennial ,
Teraxicum officianales,244,Taraxacum_officinale,forb,unknown,exotic,perennial ,
Teraxicum officinale,244,Taraxacum_officinale,forb,unknown,exotic,perennial ,
TECA,245,Teucrium_canadense,forb,unknown,native,perennial ,
Teucrium canadense,245,Teucrium_canadense,forb,unknown,native,perennial ,
Teucrium_canadense,245,Teucrium_canadense,forb,unknown,native,perennial ,
Teucriumcanadense,245,Teucrium_canadense,forb,unknown,native,perennial ,
Teucriumsp.,245,Teucrium_canadense,forb,unknown,native,perennial ,
Telespermum,246,Theleperma_filifolium,forb,unknown,native,annual or perennial,
Theleperma_filifolium,246,Theleperma_filifolium,forb,unknown,native,annual or perennial,
Thelesperma filifolium,246,Theleperma_filifolium,forb,unknown,native,annual or perennial,
Thelespermafilifolium,246,Theleperma_filifolium,forb,unknown,native,annual or perennial,
Townsendia grandiflora,249,Townsendia_grandiflora,forb,unknown,native,biennial ,
Townsendia sp.,249,Townsendia_grandiflora,forb,unknown,native,biennial ,
Townsendia_grandiflora,249,Townsendia_grandiflora,forb,unknown,native,biennial ,
Townsendiagrandiflora,249,Townsendia_grandiflora,forb,unknown,native,biennial ,
Tradescantia occidentalis,250,Tradescantia_occidentalis,forb,unknown,native,perennial ,
Tradescantia oxidentais,250,Tradescantia_occidentalis,forb,unknown,native,perennial ,
Tradescantiaoccidentalis,250,Tradescantia_occidentalis,forb,unknown,native,perennial ,
Tragia,251,Tragia_ramosa,forb,unknown,native,perennial ,
Tragia_racemosa,251,Tragia_ramosa,forb,unknown,native,perennial ,
Tragiaramosa,251,Tragia_ramosa,forb,unknown,native,perennial ,
Tragopogon dubius,252,Tragopogon_dubius,forb,unknown,exotic,annual or biennial ,
Tragopogon_dubius,252,Tragopogon_dubius,forb,unknown,exotic,annual or biennial ,
Tragopogondubius,252,Tragopogon_dubius,forb,unknown,exotic,annual or biennial ,
Triodanisleptocarpa,254,Triodanis_leptocarpa,forb,unknown,native,annual ,
Triodanisperfoliata,254,Triodanis_perfoliata,forb,unknown,native,annual ,
Triodanissp.,254,Triodanis_perfoliata,forb,unknown,native,annual ,
UK Fuzzy Aster,256,unknown,forb,unknown,unknown,unknown,
UK onagraceac,257,unknown,forb,unknown,unknown,unknown,
UK poa,258,unknown,graminoid,c3,unknown,unknown,
UK tall phloc,259,unknown,forb,unknown,unknown,unknown,
UK Tall Phlox,259,unknown,forb,unknown,unknown,unknown,
Unknown tall phlox,259,unknown,forb,unknown,unknown,unknown,
Unk overlapping alt,263,unknown,forb,unknown,unknown,unknown,
UNKFCHY1,264,unknown,forb,unknown,unknown,unknown,
UNKFCHY2,265,unknown,forb,unknown,unknown,unknown,
UNKFCHY3,266,unknown,forb,unknown,unknown,unknown,
UNKFCHY4,267,unknown,forb,unknown,unknown,unknown,
UNKFCHY5,268,unknown,forb,unknown,unknown,unknown,
UNKFCHY6,269,unknown,forb,unknown,unknown,unknown,
UNKFCHY7,270,unknown,forb,unknown,unknown,unknown,
UNKFCHY8,271,unknown,forb,unknown,unknown,unknown,
UNKFHYS1,272,unknown,forb,unknown,unknown,unknown,
UNKFHYS2,273,unknown,forb,unknown,unknown,unknown,
UNKFHYS3,274,unknown,forb,unknown,unknown,unknown,
UNKFHYS4,275,unknown,forb,unknown,unknown,unknown,
UNKFHYS5,276,unknown,forb,unknown,unknown,unknown,
UNKFHYS7,277,unknown,forb,unknown,unknown,unknown,
UNKFHYS8,278,unknown,forb,unknown,unknown,unknown,
UNKFKNZ1,279,unknown,forb,unknown,unknown,unknown,
UNKFKNZ2,280,unknown,forb,unknown,unknown,unknown,
UNKFKNZ3,281,unknown,forb,unknown,unknown,unknown,
unkforb opp. Lvs,282,unknown,forb,unknown,unknown,unknown,
UNKFSGS1,283,unknown,forb,unknown,unknown,unknown,
UNKFSGS2,284,unknown,forb,unknown,unknown,unknown,
UNKFSGS3,285,unknown,forb,unknown,unknown,unknown,
UNKGRHYS1,286,unknown,forb,unknown,unknown,unknown,
UNKGRHYS2,287,unknown,forb,unknown,unknown,unknown,
UNKHYS,288,unknown,forb,unknown,unknown,unknown,
Unknown ericoides small,292,unknown,forb,unknown,unknown,unknown,
Unknown forb,293,unknown,forb,unknown,unknown,unknown,
Unknown Forb,293,unknown,forb,unknown,unknown,unknown,
Unknown forb 3,293,unknown,forb,unknown,unknown,unknown,
Unknown grass,296,unknown,forb,unknown,unknown,unknown,
Unknown linear lvs,297,unknown,forb,unknown,unknown,unknown,
Unknown milky waxy,298,unknown,forb,unknown,unknown,unknown,
Agrostis,299,Agrostis_sp.,graminoid,c3,unknown,unknown,
Agrostis_sp.,299,Agrostis_sp.,forb,unknown,unknown,unknown,
Unknown pilos forb,300,unknown,forb,unknown,unknown,unknown,
Unknown ranunculus?,301,unknown,forb,unknown,unknown,unknown,
unknownrosette,302,unknown,forb,unknown,unknown,unknown,
Unknownrosette,302,unknown,forb,unknown,unknown,unknown,
Alien????,303,unknown,forb,unknown,unknown,unknown,
Altisma seedling,304,unknown,forb,unknown,unknown,unknown,
Unknown Seedling,304,unknown,forb,unknown,unknown,unknown,
AMRU,305,Am_ru,forb,unknown,unknown,unknown,
aristata unknown,306,unknown,graminoid,unknown,unknown,unknown,
Unknown/dry/sad,307,unknown,forb,unknown,unknown,unknown,
UNKTRKNZ1,310,unknown,forb,unknown,unknown,unknown,
UNKTRKNZ2,311,unknown,forb,unknown,unknown,unknown,
Verbena_stricta,312,Verbena_stricta,forb,unknown,native,annual or perennial,
Verbenastricta,312,Verbena_stricta,forb,unknown,native,annual or perennial,
VEST,312,Verbena_stricta,forb,unknown,native,annual or perennial,
Vernonia_baldwinii,313,Vernonia_baldwinii,forb,unknown,native,perennial ,
Vernonia.baldwinii,313,Vernonia_baldwinii,forb,unknown,native,perennial ,
Vernoniabaldwinii,313,Vernonia_baldwinii,forb,unknown,native,perennial ,
veronia,313,Vernonia_baldwinii,forb,unknown,native,perennial ,
Vicia_americana,314,Vicia_americana,forb,unknown,native,perennial ,
Viciaamericana,314,Vicia_americana,forb,unknown,native,perennial ,
viola rap,315,Viola_rafinesquii,forb,unknown,unknown,unknown,follow up with mendy 
Viola_rafinesquii,315,Viola_rafinesquii,forb,unknown,unknown,unknown,
Violarafinesquii,315,Viola_rafinesquii,forb,unknown,unknown,unknown,
violarap,315,Viola_rafinesquii,forb,unknown,unknown,unknown,
Vulpia octoflora,317,Vulpia_octoflora,graminoid,c3,native,annual ,
Vulpia_octoflora,317,Vulpia_octoflora,graminoid,c3,native,annual ,
Vulpiaamericana,317,Vulpia_octoflora,graminoid,c3,native,annual ,
Vulpiaoctiflora,317,Vulpia_octoflora,graminoid,c3,native,annual ,
vulpiaoctoflora,317,Vulpia_octoflora,graminoid,c3,native,annual ,
Vulpiaoctoflora,317,Vulpia_octoflora,graminoid,c3,native,annual ,
Vuplpia octoflora,317,Vulpia_octoflora,graminoid,c3,native,annual ,
X...Sonchus.seedling..,318,unknown,forb,unknown,unknown,unknown,
ASSY,321,Asclepias_syriaca,forb,unknown,native,perennial ,
Ambrosia_art,323,Ambrosia_artemisiifolia,forb,unknown,native,annual,
Ambrosiaartemisiifolia,323,Ambrosia_artemisiifolia,forb,unknown,native,annual,
Antennariaparvifolia,324,Antennaria_parviflolia,forb,unknown,native,perennial ,
Carexblanda,325,Carex_blanda,graminoid,c3,native,perennial ,
Convolvulusarvensis,327,Convolvulous_arvensis,forb,unknown,exotic,perennial ,
Descurainia_pinnata,328,Descurainia_pinnata,forb,unknown,native,annual or biennial or perennial,
Descurainiapinnata,328,Descurainia_pinnata,forb,unknown,native,annual or biennial or perennial,
Draba_sp.,329,Draba_nemorosa,forb,unknown,native,annual ,
Draba_yellow,329,Draba_nemorosa,forb,unknown,native,annual ,
Drabanemorosa,329,Draba_nemorosa,forb,unknown,native,annual ,
Erysimumcapitatum,330,Erysimum_capitatum,forb,unknown,native,biennial or perennial ,
Evolvulusnuttalliana,331,Evolvulus_nuttallianus,forb,unknown,native,perennial ,
Kochiascoparia,332,Kochia_scoparia,forb,unknown,exotic,annual ,
Lespedezaviolacea,333,Lespedeza_violacea,forb,unknown,native,perennial ,
Nothocalaiscuspidata,334,Nothocalais_cuspidata,forb,unknown,native,perennial ,
Paronychiasp.,336,Paronychia_sp.,forb,unknown,unknown,unknown,
Picradeniopsis_oppositifolia,337,Picradeniopsis_oppositifolia,forb,unknown,native,perennial ,
Picradeniopsisoppositifolia,337,Picradeniopsis_oppositifolia,forb,unknown,native,perennial ,
Rhusglabra,339,Rhus_glabra,woody,c3,native,perennial ,
Solanumtriflorum,340,Solanum_triflorum,forb,unknown,native,annual ,
Sonchusasper,341,Sonchus_asper,forb,unknown,exotic,annual ,
Sporobolusheterolepis,342,Sporobolus_heterolepis,graminoid,c4,native,perennial ,
Stenarianigricans,343,Stenaria_nigricans,forb,unknown,native,perennial ,
Tetraneuris acaulis,344,Tetraneuris_acaulis,forb,unknown,native,perennial ,
Tetraneuris_acaulis,344,Tetraneuris_acaulis,forb,unknown,native,perennial ,
Tetraneurisacaulis,344,Tetraneuris_acaulis,forb,unknown,native,perennial ,
fall opposite leaf,345,unknown,forb,unknown,unknown,unknown,
Opposite leaf unknown,345,unknown,forb,unknown,unknown,unknown,
oppositeleaf,345,unknown,forb,unknown,unknown,unknown,
Tradescantia_bracteata,346,Tradescantia_bracteata,forb,unknown,native,perennial ,
Tradescantiabracteata,346,Tradescantia_bracteata,forb,unknown,native,perennial ,
Tradescantiasp.,346,Tradescantia_bracteata,forb,unknown,native,perennial ,
Ulmusamericana,347,Ulmus_americana,woody,c3,native,perennial ,
Panicumsp.,348,Panicum_sp. ,graminoid,c4,unknown,unknown,
Polygonumsp.,349,Polygonum_sp. ,forb,unknown,unknown,unknown,
seedling unknown,350,unknown,forb,unknown,unknown,unknown,
Aristida,351,Aristada_sp. ,graminoid,c3,unknown,unknown,
astragalus unknown,353,Astragalus_sp. ,forb,unknown,unknown,unknown,
Astragalussp.,353,Astragalus_sp. ,forb,unknown,unknown,unknown,
astragulus unknown,353,Astragalus_sp. ,forb,unknown,unknown,unknown,
astrogalus unknown,353,Astragalus_sp. ,forb,unknown,unknown,unknown,
Chaetopappaericoides,354,Chaetopappa_ericoides,forb,unknown,native,perennial ,
Silene sp.,355,Silene_sp. ,forb,unknown,unknown,unknown,
oenotheria,358,Oenothera_sp.,forb,unknown,unknown,unknown,
Townsendia grandiflora?,359,unknown,forb,unknown,unknown,unknown,
Unknown rosette,361,unknown,forb,unknown,unknown,unknown,
Unknown whorled linear,362,unknown,forb,unknown,unknown,unknown,
panicum unknown,363,unknown,forb,unknown,unknown,unknown,
Clover,364,unknown,forb,unknown,unknown,unknown,
PACA,388,Panicum_capillare,forb,unknown,native,annual,
Unknown woody,367,unknown,unknown,unknown,unknown,unknown,
Thelesperma_megapotamicum,368,Thelesperma_megapotamicum,forb,unknown,native,perennial ,
Thelespermamegapotamicum,368,Thelesperma_megapotamicum,forb,unknown,native,perennial ,
Milky waxy?,369,unknown,forb,unknown,unknown,unknown,
mustard unknown,370,unknown,forb,unknown,unknown,unknown,
Oenothera,371,Oenothera_sp.,forb,unknown,unknown,unknown,
oxytopis like legume,372,unknown,forb,unknown,unknown,unknown,
Tall astragulus,373,Astragalus_sp. ,forb,unknown,unknown,unknown,
alternate_leaf_forb,375,unknown,forb,unknown,unknown,unknown,
alternate_strong_midvein_hairy_margin,376,unknown,forb,unknown,unknown,unknown,
Astragalus_sp.,378,Astragalus_sp. ,forb,unknown,unknown,unknown,
Unknown_Astragalus,378,Astragalus_sp. ,forb,unknown,unknown,unknown,
Desmodium_illinoense,379,Desmodium_illinoense,forb,unknown,native,perennial ,
Festuca_sp.,382,Festuca_sp.,graminoid,c3,unknown,unknown,
Festuca_unknown,382,Festuca_sp.,graminoid,c3,unknown,unknown,
huge_penstemon,383,Penstemon_sp.,forb,unknown,unknown,unknown,
juicy_forb,384,unknown,forb,unknown,unknown,unknown,
Unknown JUICY forb,384,unknown,forb,unknown,unknown,unknown,
Lepidium_like_forb,385,unknown,forb,unknown,unknown,unknown,
Lipidium_like,385,unknown,forb,unknown,unknown,unknown,
Lipidium_like_forb,385,unknown,forb,unknown,unknown,unknown,
Oerothera_rosette?,386,unknown,forb,unknown,unknown,unknown,
Oxytropis_sp.,387,Oxytropis_sp.,forb,unknown,unknown,unknown,
Panicum_capillare,388,Panicum_capillare,forb,unknown,native,annual,
Plantago_lanceolata,389,Plantago_lanceolata,forb,unknown,exotic,annual or biennial or perennial ,
Primrose_like,390,unknown,forb,unknown,unknown,unknown,
Red_edged_forb,391,unknown,forb,unknown,unknown,unknown,
Red_margined,391,unknown,forb,unknown,unknown,unknown,
Solanum_triflorum,340,Solanum_triflorum,forb,unknown,native,annual,
Three_Leaf_Unknown_forb,395,unknown,forb,unknown,unknown,unknown,
shiny_alternate,397,unknown,forb,unknown,unknown,unknown,
uknown_shiny_alternate,397,unknown,forb,unknown,unknown,unknown,
unknown_shiny_alternate,397,unknown,forb,unknown,unknown,unknown,
Ulmus,398,Ulmus_sp. ,forb,unknown,unknown,unknown,
Ulmus_sp.,398,Ulmus_sp. ,forb,unknown,unknown,unknown,
unknown forb,398,unknown,forb,unknown,unknown,unknown,
Unknown_Cirsium,401,unknown,forb,unknown,unknown,unknown,
Unknown_Erysimum,402,unknown,forb,unknown,unknown,unknown,
unknown_forb_tooth,403,unknown,forb,unknown,unknown,unknown,
unknown_machearanthera,405,unknown,forb,unknown,unknown,unknown,
unknown_pinnately_lobed,406,unknown,forb,unknown,unknown,unknown,
unknown_short_alternate,409,unknown,forb,unknown,unknown,unknown,
unknown ??,410,unknown,forb,unknown,unknown,unknown,
ASOX,502,unknown,forb,unknown,unknown,unknown,
Sporobolus sp.,503,Sporobolus_sp. ,graminoid_c4,c4,unknown,unknown,
sporobulus_like_grass,503,Sporobolus_sp. ,graminoid_c4,c4,unknown,unknown,
Astragalus_unknown,504,Astragalus_sp. ,forb,unknown,unknown,unknown,
Croton_monanthogynus,507,Croton_texensis,forb,unknown,native,annual,
Croton_texensis,507,Croton_texensis,forb,unknown,native,annual,
Crotonsp.,507,Croton_texensis,forb,unknown,native,annual,
Crotontexensis,507,Croton_texensis,forb,unknown,native,annual,
UNK aster rosette,508,unknown,forb,unknown,unknown,unknown,
UNK Aster rosette,508,unknown,forb,unknown,unknown,unknown,
rush unknown,509,unknown,graminoid ,c3,unknown,unknown,
